id_upm,codigo,departamento,provincia,municipio,area_censo,comunidad,zona,sector,area,viviendas_2012,viviendas_2022,fecha_aprobacion
6298,506298,potosi,tomas frias,urmiri,01,01011,01,01,01,0,1,2022-09-10T18:43:32.590Z
2758,502758,potosi,tomas frias,potosi,16,01001,01,01,16,0,101,2022-07-18T19:33:56.689Z
2297,502297,potosi,tomas frias,potosi,12,01001,01,04,12,0,106,2022-08-09T18:04:46.994Z
2315,502315,potosi,tomas frias,potosi,15,01001,02,14,15,0,107,2022-08-04T14:10:23.965Z
5397,505397,potosi,cornelio saavedra,chaqui,01,01010,01,01,01,0,107,2022-08-26T16:57:58.966Z
4778,504778,potosi,jose maria linarez,"caiza ""d""",01,03009,01,13,01,0,11,2022-08-18T20:14:13.021Z
2275,502275,potosi,tomas frias,potosi,12,01001,01,13,12,0,116,2022-07-26T14:44:16.405Z
3849,503849,potosi,tomas frias,potosi,01,04016,01,16,01,0,12,2022-08-05T18:40:48.563Z
2140,502140,potosi,tomas frias,potosi,13,01001,01,11,13,0,124,2022-07-26T22:41:49.499Z
2759,502759,potosi,tomas frias,potosi,16,01001,01,06,16,0,128,2022-07-19T19:57:16.909Z
5436,505436,potosi,tomas frias,yocalla,01,03001,01,07,01,0,13,2022-08-23T19:42:22.102Z
4063,504063,potosi,antonio quijarro,porco,01,01005,01,08,01,0,132,2022-08-10T18:09:05.938Z
6806,506806,potosi,tomas frias,yocalla,01,01036,01,06,01,0,14,2022-09-12T20:59:39.636Z
7799,507799,potosi,tomas frias,potosi,01,02004,01,01,01,0,14,2022-09-18T22:48:28.927Z
7802,507802,potosi,tomas frias,potosi,01,02004,01,03,01,0,14,2022-09-18T22:48:36.759Z
3843,503843,potosi,tomas frias,potosi,01,04016,01,13,01,0,15,2022-08-05T18:58:31.224Z
4585,504585,potosi,jose maria linarez,"caiza ""d""",01,03009,01,01,01,0,15,2022-08-15T19:34:00.534Z
6300,506300,potosi,tomas frias,urmiri,01,01011,01,02,01,0,15,2022-09-10T17:04:13.599Z
7801,507801,potosi,tomas frias,potosi,01,02004,01,02,01,0,15,2022-09-18T23:50:52.097Z
4794,504794,potosi,jose maria linarez,"caiza ""d""",01,01016,01,03,01,0,16,2022-08-18T21:00:01.779Z
4823,504823,potosi,jose maria linarez,"caiza ""d""",01,03015,01,01,01,0,16,2022-08-17T20:04:54.205Z
4834,504834,potosi,jose maria linarez,"caiza ""d""",01,04002,01,01,01,0,16,2022-08-15T20:34:40.451Z
7805,507805,potosi,tomas frias,potosi,01,04093,01,01,01,0,16,2022-09-18T22:47:47.660Z
1194,501194,potosi,tomas frias,potosi,01,01001,03,03,01,0,162,2022-07-23T15:53:52.874Z
1876,501876,potosi,tomas frias,potosi,14,01001,01,06,14,0,164,2022-07-26T19:07:29.237Z
2769,502769,potosi,tomas frias,potosi,16,01001,01,09,16,0,17,2022-07-18T20:44:22.196Z
3635,503635,potosi,cornelio saavedra,betanzos,01,01001,01,04,01,0,17,2022-08-02T17:42:18.887Z
3814,503814,potosi,tomas frias,potosi,01,04016,01,01,01,0,18,2022-08-04T19:22:54.284Z
5438,505438,potosi,tomas frias,yocalla,01,03039,01,02,01,0,18,2022-08-23T21:00:51.606Z
3815,503815,potosi,tomas frias,potosi,01,04016,01,02,01,0,19,2022-08-05T17:37:56.308Z
3830,503830,potosi,tomas frias,potosi,01,04016,01,18,01,0,19,2022-08-04T19:26:03.736Z
3840,503840,potosi,tomas frias,potosi,01,04016,01,15,01,0,19,2022-08-05T18:20:44.561Z
4072,504072,potosi,antonio quijarro,porco,01,01001,01,04,01,0,19,2022-08-10T18:07:07.178Z
4846,504846,potosi,jose maria linarez,"caiza ""d""",01,04002,01,06,01,0,19,2022-08-18T20:30:04.092Z
2279,502279,potosi,tomas frias,potosi,12,01001,02,11,12,0,2,2022-07-13T13:13:29.903Z
2001,502001,potosi,tomas frias,potosi,04,01001,03,09,04,0,20,2022-07-08T22:57:40.958Z
4039,504039,potosi,antonio quijarro,porco,01,01001,01,08,01,0,20,2022-08-10T19:48:21.116Z
4069,504069,potosi,antonio quijarro,porco,01,01001,01,09,01,0,20,2022-08-09T19:11:38.442Z
4809,504809,potosi,jose maria linarez,"caiza ""d""",01,04002,01,11,01,0,20,2022-08-26T15:26:45.812Z
6848,506848,potosi,tomas frias,urmiri,00,00000,00,09,00,0,20,2022-09-17T15:20:10.439Z
4037,504037,potosi,antonio quijarro,porco,01,01001,01,07,01,0,21,2022-08-10T18:59:01.107Z
4067,504067,potosi,antonio quijarro,porco,01,01001,01,11,01,0,21,2022-08-08T19:58:19.267Z
4793,504793,potosi,jose maria linarez,"caiza ""d""",01,01016,01,02,01,0,21,2022-08-18T21:00:21.887Z
4813,504813,potosi,jose maria linarez,"caiza ""d""",01,04002,01,07,01,0,21,2022-08-15T18:58:31.683Z
3842,503842,potosi,tomas frias,potosi,01,04016,01,12,01,0,23,2022-08-04T20:21:17.012Z
6301,506301,potosi,tomas frias,urmiri,01,01011,01,03,01,0,23,2022-09-10T18:32:37.841Z
3819,503819,potosi,tomas frias,potosi,01,04016,01,05,01,0,24,2022-08-05T20:37:53.334Z
4817,504817,potosi,jose maria linarez,"caiza ""d""",01,04002,01,08,01,0,24,2022-08-15T18:58:34.494Z
4826,504826,potosi,jose maria linarez,"caiza ""d""",01,03015,01,02,01,0,25,2022-08-17T20:05:45.132Z
2318,502318,potosi,tomas frias,potosi,15,01001,02,03,15,0,26,2022-07-26T23:41:03.816Z
4829,504829,potosi,jose maria linarez,"caiza ""d""",01,03015,01,03,01,0,26,2022-08-18T20:59:15.982Z
4084,504084,potosi,antonio quijarro,porco,01,01001,02,14,01,0,27,2022-08-11T19:23:54.610Z
4788,504788,potosi,jose maria linarez,"caiza ""d""",01,01016,01,01,01,0,27,2022-08-18T21:00:12.569Z
4831,504831,potosi,jose maria linarez,"caiza ""d""",01,03015,01,04,01,0,27,2022-08-18T20:59:11.938Z
4040,504040,potosi,antonio quijarro,porco,01,01001,02,01,01,0,28,2022-08-11T16:27:27.961Z
4066,504066,potosi,antonio quijarro,porco,01,01001,01,10,01,0,28,2022-08-08T18:36:15.832Z
3851,503851,potosi,tomas frias,potosi,01,04016,01,03,01,0,29,2022-08-04T18:01:25.496Z
1981,501981,potosi,tomas frias,potosi,04,01001,03,13,04,0,3,2022-08-12T21:31:18.434Z
4068,504068,potosi,antonio quijarro,porco,01,01001,01,05,01,0,30,2022-08-09T19:11:31.064Z
4083,504083,potosi,antonio quijarro,porco,01,01001,02,03,01,0,30,2022-08-11T19:23:51.943Z
3854,503854,potosi,tomas frias,potosi,01,03016,01,02,01,0,31,2022-08-09T18:17:10.257Z
4807,504807,potosi,jose maria linarez,"caiza ""d""",01,04002,01,10,01,0,31,2022-08-19T19:01:07.178Z
4841,504841,potosi,jose maria linarez,"caiza ""d""",01,04002,01,04,01,0,31,2022-08-17T20:21:22.905Z
7810,507810,potosi,tomas frias,potosi,01,04093,01,05,01,0,31,2022-09-18T23:39:15.179Z
3662,503662,potosi,cornelio saavedra,betanzos,01,01001,01,09,01,0,32,2022-08-03T20:33:56.401Z
3847,503847,potosi,tomas frias,potosi,01,04016,01,14,01,0,32,2022-08-04T20:17:43.122Z
7175,507175,potosi,tomas frias,yocalla,01,01025,01,01,01,0,32,2022-09-16T20:58:55.043Z
7177,507177,potosi,tomas frias,yocalla,01,01025,01,03,01,0,32,2022-09-16T20:59:01.125Z
1287,501287,potosi,tomas frias,potosi,08,01001,04,17,08,0,33,2022-07-26T18:15:20.967Z
3818,503818,potosi,tomas frias,potosi,01,04016,01,04,01,0,33,2022-08-12T21:32:46.861Z
4896,504896,potosi,jose maria linarez,puna,01,08004,01,02,01,0,33,2022-08-18T20:29:32.661Z
4036,504036,potosi,antonio quijarro,porco,01,01001,01,01,01,0,34,2022-08-09T19:11:32.657Z
5401,505401,potosi,cornelio saavedra,chaqui,01,01010,01,02,01,0,34,2022-08-22T20:42:52.023Z
7176,507176,potosi,tomas frias,yocalla,01,01025,01,02,01,0,34,2022-09-17T14:47:23.164Z
1654,501654,potosi,tomas frias,potosi,14,01001,01,04,14,0,35,2022-07-21T22:39:04.970Z
2839,502839,potosi,tomas frias,potosi,16,01001,02,05,16,0,35,2022-07-18T19:31:36.003Z
4073,504073,potosi,antonio quijarro,porco,01,01001,02,02,01,0,35,2022-08-11T19:02:43.550Z
4598,504598,potosi,jose maria linarez,"caiza ""d""",01,03009,01,02,01,0,35,2022-08-16T21:18:28.303Z
7808,507808,potosi,tomas frias,potosi,01,04093,01,03,01,0,36,2022-09-19T01:44:32.932Z
4034,504034,potosi,antonio quijarro,porco,01,01001,01,13,01,0,37,2022-08-08T19:13:52.866Z
6160,506160,potosi,tomas frias,urmiri,01,02001,01,02,01,0,37,2022-09-10T17:53:32.326Z
4914,504914,potosi,jose maria linarez,puna,01,05017,01,04,01,0,38,2022-08-18T20:29:54.489Z
7809,507809,potosi,tomas frias,potosi,01,04093,01,04,01,0,39,2022-09-18T23:56:23.345Z
4819,504819,potosi,jose maria linarez,"caiza ""d""",01,04002,01,09,01,0,4,2022-08-17T20:30:03.770Z
6829,506829,potosi,tomas frias,urmiri,00,00000,00,01,00,0,4,2022-09-21T01:41:28.133Z
4093,504093,potosi,antonio quijarro,porco,01,01005,02,04,01,0,40,2022-08-10T19:48:20.751Z
4789,504789,potosi,jose maria linarez,"caiza ""d""",01,01016,01,04,01,0,40,2022-08-19T13:53:57.357Z
2850,502850,potosi,tomas frias,potosi,16,01001,02,11,16,0,41,2022-07-21T23:21:19.264Z
1487,501487,potosi,tomas frias,potosi,09,01001,02,04,09,0,42,2022-07-23T15:08:06.834Z
2288,502288,potosi,tomas frias,potosi,12,01001,02,02,12,0,42,2022-07-15T13:48:24.672Z
2772,502772,potosi,tomas frias,potosi,16,01001,02,01,16,0,42,2022-07-26T19:15:18.789Z
3633,503633,potosi,cornelio saavedra,betanzos,01,01001,02,01,01,0,42,2022-08-03T18:57:35.453Z
7806,507806,potosi,tomas frias,potosi,01,04093,01,02,01,0,42,2022-09-18T22:47:49.811Z
4033,504033,potosi,antonio quijarro,porco,01,01001,01,14,01,0,43,2022-08-08T19:13:50.541Z
2248,502248,potosi,tomas frias,potosi,13,01001,01,05,13,0,44,2022-07-26T14:51:52.535Z
4769,504769,potosi,jose maria linarez,"caiza ""d""",01,03009,01,14,01,0,44,2022-08-17T19:34:16.991Z
6215,506215,potosi,tomas frias,tinguipaya,00,00000,00,01,00,0,449,2022-09-14T12:48:54.057Z
2303,502303,potosi,tomas frias,potosi,12,01001,01,05,12,0,45,2022-08-05T19:43:56.671Z
3871,503871,potosi,tomas frias,potosi,01,03016,01,10,01,0,45,2022-08-05T19:31:21.328Z
4038,504038,potosi,antonio quijarro,porco,01,01001,01,02,01,0,45,2022-08-12T19:15:21.063Z
4890,504890,potosi,jose maria linarez,puna,01,08032,01,01,01,0,46,2022-08-15T20:44:31.870Z
4895,504895,potosi,jose maria linarez,puna,01,08004,01,01,01,0,47,2022-08-18T20:29:29.711Z
6159,506159,potosi,tomas frias,urmiri,01,02001,01,01,01,0,47,2022-09-09T16:49:28.817Z
2274,502274,potosi,tomas frias,potosi,12,01001,01,08,12,0,48,2022-07-15T20:15:13.709Z
2311,502311,potosi,tomas frias,potosi,15,01001,01,05,15,0,48,2022-07-11T20:41:15.862Z
3685,503685,potosi,cornelio saavedra,betanzos,01,01001,02,04,01,0,48,2022-08-01T22:30:48.513Z
2289,502289,potosi,tomas frias,potosi,12,01001,01,15,12,0,49,2022-07-15T13:48:30.663Z
2760,502760,potosi,tomas frias,potosi,16,01001,01,02,16,0,49,2022-07-19T21:31:36.810Z
7624,507624,potosi,tomas frias,potosi,01,02081,01,01,01,0,49,2022-09-17T17:55:49.831Z
4061,504061,potosi,antonio quijarro,porco,01,01005,01,04,01,0,50,2022-08-08T20:06:10.826Z
3634,503634,potosi,cornelio saavedra,betanzos,01,01001,02,02,01,0,52,2022-08-03T18:57:31.549Z
4779,504779,potosi,jose maria linarez,"caiza ""d""",01,03009,01,15,01,0,52,2022-08-15T20:52:35.989Z
4910,504910,potosi,jose maria linarez,puna,01,05017,01,01,01,0,52,2022-08-15T20:34:16.332Z
7626,507626,potosi,tomas frias,potosi,01,02081,01,02,01,0,52,2022-09-17T17:55:51.987Z
1535,501535,potosi,tomas frias,potosi,08,01001,04,15,08,0,53,2022-07-25T19:52:05.824Z
2295,502295,potosi,tomas frias,potosi,12,01001,02,01,12,0,53,2022-07-14T13:28:56.862Z
2768,502768,potosi,tomas frias,potosi,16,01001,01,08,16,0,54,2022-07-19T21:20:59.090Z
3666,503666,potosi,cornelio saavedra,betanzos,01,01001,02,10,01,0,56,2022-08-18T21:22:13.240Z
4060,504060,potosi,antonio quijarro,porco,01,01005,01,01,01,0,56,2022-08-08T20:06:08.555Z
3638,503638,potosi,cornelio saavedra,betanzos,01,01001,01,01,01,0,57,2022-08-03T20:20:02.807Z
3645,503645,potosi,cornelio saavedra,betanzos,01,01001,01,06,01,0,57,2022-08-03T00:15:10.965Z
3709,503709,potosi,cornelio saavedra,betanzos,01,01001,02,07,01,0,57,2022-08-03T20:04:25.241Z
2312,502312,potosi,tomas frias,potosi,15,01001,02,01,15,0,58,2022-07-28T19:41:00.738Z
3661,503661,potosi,cornelio saavedra,betanzos,01,01001,01,08,01,0,59,2022-08-03T20:33:09.657Z
4075,504075,potosi,antonio quijarro,porco,01,01002,01,01,01,0,59,2022-08-11T19:23:36.052Z
2307,502307,potosi,tomas frias,potosi,15,01001,01,04,15,0,60,2022-07-25T20:23:26.475Z
2806,502806,potosi,tomas frias,potosi,16,01001,02,07,16,0,60,2022-07-19T22:29:55.975Z
4050,504050,potosi,antonio quijarro,porco,01,01005,01,03,01,0,61,2022-08-08T22:10:47.583Z
4760,504760,potosi,jose maria linarez,"caiza ""d""",01,03009,01,09,01,0,61,2022-08-19T14:42:11.407Z
4784,504784,potosi,jose maria linarez,"caiza ""d""",01,03009,01,17,01,0,62,2022-08-16T18:19:29.824Z
2304,502304,potosi,tomas frias,potosi,12,01001,01,01,12,0,63,2022-07-13T19:15:02.022Z
2847,502847,potosi,tomas frias,potosi,16,01001,02,10,16,0,63,2022-07-19T20:34:03.077Z
2773,502773,potosi,tomas frias,potosi,16,01001,02,02,16,0,65,2022-07-26T20:29:53.189Z
4782,504782,potosi,jose maria linarez,"caiza ""d""",01,03009,01,16,01,0,65,2022-08-19T19:27:23.192Z
3636,503636,potosi,cornelio saavedra,betanzos,01,01001,01,05,01,0,66,2022-08-18T20:20:06.759Z
2841,502841,potosi,tomas frias,potosi,16,01001,02,06,16,0,67,2022-07-26T22:38:48.790Z
2770,502770,potosi,tomas frias,potosi,16,01001,01,10,16,0,68,2022-07-19T20:30:58.171Z
2296,502296,potosi,tomas frias,potosi,12,01001,01,16,12,0,71,2022-07-26T21:06:50.568Z
4092,504092,potosi,antonio quijarro,porco,01,01005,02,01,01,0,72,2022-08-10T19:47:54.322Z
1333,501333,potosi,tomas frias,potosi,14,01001,01,08,14,0,74,2022-07-21T22:38:37.500Z
2282,502282,potosi,tomas frias,potosi,12,01001,01,02,12,0,75,2022-07-15T20:44:37.314Z
2306,502306,potosi,tomas frias,potosi,15,01001,01,01,15,0,76,2022-07-14T18:54:19.946Z
4065,504065,potosi,antonio quijarro,porco,01,01005,01,13,01,0,76,2022-08-11T18:37:59.773Z
2268,502268,potosi,tomas frias,potosi,12,01001,01,12,12,0,77,2022-07-26T20:13:06.975Z
2765,502765,potosi,tomas frias,potosi,16,01001,01,05,16,0,77,2022-07-20T21:11:21.845Z
1476,501476,potosi,tomas frias,potosi,02,01001,03,08,02,0,78,2022-07-22T20:38:23.786Z
1878,501878,potosi,tomas frias,potosi,14,01001,01,05,14,0,78,2022-07-23T13:56:43.205Z
2290,502290,potosi,tomas frias,potosi,12,01001,01,14,12,0,78,2022-07-16T12:17:49.054Z
3639,503639,potosi,cornelio saavedra,betanzos,01,01001,01,02,01,0,78,2022-08-03T20:19:30.415Z
3832,503832,potosi,tomas frias,potosi,01,04016,01,19,01,0,8,2022-08-05T19:31:35.682Z
2305,502305,potosi,tomas frias,potosi,15,01001,01,02,15,0,80,2022-07-12T20:23:28.009Z
4089,504089,potosi,antonio quijarro,porco,01,01005,02,03,01,0,80,2022-08-08T20:24:56.740Z
2767,502767,potosi,tomas frias,potosi,16,01001,01,07,16,0,81,2022-07-19T13:25:20.445Z
2762,502762,potosi,tomas frias,potosi,16,01001,01,03,16,0,84,2022-07-26T19:06:26.176Z
2792,502792,potosi,tomas frias,potosi,16,01001,02,04,16,0,86,2022-07-21T23:21:20.607Z
1473,501473,potosi,tomas frias,potosi,02,01001,03,07,02,0,88,2022-07-26T20:24:53.011Z
2791,502791,potosi,tomas frias,potosi,16,01001,02,03,16,0,88,2022-07-18T20:16:35.521Z
4091,504091,potosi,antonio quijarro,porco,01,01005,02,02,01,0,89,2022-08-09T18:58:03.714Z
3821,503821,potosi,tomas frias,potosi,01,04016,01,06,01,0,9,2022-08-05T18:58:10.651Z
3853,503853,potosi,tomas frias,potosi,01,03016,01,01,01,0,9,2022-08-05T21:14:00.296Z
3679,503679,potosi,cornelio saavedra,betanzos,01,01001,03,14,01,0,90,2022-08-03T20:02:44.801Z
1334,501334,potosi,tomas frias,potosi,14,01001,01,03,14,0,91,2022-07-21T22:29:22.277Z
2812,502812,potosi,tomas frias,potosi,16,01001,02,08,16,0,91,2022-07-19T22:30:00.092Z
2845,502845,potosi,tomas frias,potosi,16,01001,02,09,16,0,91,2022-07-18T21:11:39.701Z
2308,502308,potosi,tomas frias,potosi,15,01001,02,15,15,0,92,2022-07-25T21:08:31.325Z
3637,503637,potosi,cornelio saavedra,betanzos,01,01001,01,03,01,0,93,2022-08-12T13:33:15.278Z
1702,501702,potosi,tomas frias,potosi,01,01001,04,08,01,0,95,2022-07-20T22:04:46.406Z
2298,502298,potosi,tomas frias,potosi,12,01001,01,03,12,0,96,2022-08-05T18:55:29.283Z
2764,502764,potosi,tomas frias,potosi,16,01001,01,04,16,0,96,2022-07-26T16:29:17.796Z
2319,502319,potosi,tomas frias,potosi,15,01001,02,07,15,1,27,2022-07-26T23:41:54.991Z
2110,502110,potosi,tomas frias,potosi,13,01001,01,07,13,1,52,2022-07-26T15:33:40.901Z
5410,505410,potosi,tomas frias,yocalla,01,01026,01,01,01,10,16,2022-08-22T21:13:52.433Z
3823,503823,potosi,tomas frias,potosi,01,04016,01,07,01,10,30,2022-08-08T18:31:40.729Z
4042,504042,potosi,antonio quijarro,porco,01,01005,01,18,01,10,35,2022-08-08T21:02:40.809Z
3826,503826,potosi,tomas frias,potosi,01,04016,01,08,01,10,38,2022-08-04T19:19:04.987Z
2175,502175,potosi,tomas frias,potosi,13,01001,01,16,13,10,6,2022-07-06T00:44:35.427Z
1651,501651,potosi,tomas frias,potosi,14,01001,01,01,14,10,65,2022-07-21T22:39:01.511Z
1660,501660,potosi,tomas frias,potosi,13,01001,02,03,13,10,79,2022-07-26T23:33:20.616Z
6172,506172,potosi,tomas frias,yocalla,00,00000,00,02,00,10,96,2022-09-22T14:11:38.209Z
600,500600,potosi,tomas frias,potosi,06,01001,02,11,06,100,121,2022-07-01T19:02:55.021Z
5442,505442,potosi,tomas frias,yocalla,01,03032,01,03,01,100,148,2022-08-23T22:02:37.189Z
1655,501655,potosi,tomas frias,potosi,13,01001,02,14,13,100,151,2022-07-26T23:35:59.790Z
965,500965,potosi,tomas frias,potosi,09,01001,05,07,09,100,156,2022-07-22T22:41:19.379Z
1279,501279,potosi,tomas frias,potosi,08,01001,04,05,08,100,162,2022-07-25T19:51:43.363Z
1517,501517,potosi,tomas frias,potosi,01,01001,04,15,01,100,258,2022-07-19T14:36:43.350Z
1971,501971,potosi,tomas frias,potosi,04,01001,03,14,04,101,145,2022-07-22T22:35:04.590Z
932,500932,potosi,tomas frias,potosi,07,01001,03,04,07,101,150,2022-07-22T16:33:30.437Z
1653,501653,potosi,tomas frias,potosi,14,01001,01,02,14,101,216,2022-07-13T20:32:17.548Z
4759,504759,potosi,jose maria linarez,"caiza ""d""",01,03009,01,08,01,102,124,2022-08-18T21:22:32.777Z
604,500604,potosi,tomas frias,potosi,06,01001,02,13,06,102,139,2022-07-21T22:13:52.164Z
2176,502176,potosi,tomas frias,potosi,13,01001,01,17,13,102,336,2022-08-09T20:21:19.999Z
2130,502130,potosi,tomas frias,potosi,13,01001,01,10,13,102,394,2022-08-05T19:50:17.446Z
261,500261,potosi,tomas frias,potosi,01,01001,02,05,01,103,122,2022-07-25T18:57:16.593Z
1335,501335,potosi,tomas frias,potosi,14,01001,01,09,14,103,190,2022-07-21T22:38:43.308Z
1477,501477,potosi,tomas frias,potosi,02,01001,03,04,02,103,193,2022-07-22T20:38:27.997Z
879,500879,potosi,tomas frias,potosi,01,01001,03,07,01,103,219,2022-07-22T18:38:52.348Z
6156,506156,potosi,tomas frias,urmiri,01,01009,01,02,01,103,90,2022-09-08T15:21:15.740Z
2000,502000,potosi,tomas frias,potosi,04,01001,02,12,04,104,135,2022-07-15T19:40:19.237Z
2133,502133,potosi,tomas frias,potosi,10,01001,04,14,10,104,137,2022-07-27T15:16:20.691Z
5402,505402,potosi,cornelio saavedra,chaqui,01,01010,01,03,01,104,151,2022-08-23T22:02:10.510Z
1338,501338,potosi,tomas frias,potosi,14,01001,01,12,14,104,152,2022-07-21T22:38:55.600Z
1985,501985,potosi,tomas frias,potosi,04,01001,03,11,04,104,156,2022-07-14T18:51:50.829Z
912,500912,potosi,tomas frias,potosi,08,01001,03,12,08,105,137,2022-07-27T15:42:00.956Z
1898,501898,potosi,tomas frias,potosi,04,01001,03,06,04,105,139,2022-07-22T22:37:45.049Z
2017,502017,potosi,tomas frias,potosi,04,01001,03,12,04,105,150,2022-07-22T22:06:20.157Z
1363,501363,potosi,tomas frias,potosi,11,01001,01,06,11,105,189,2022-07-21T22:48:50.310Z
311,500311,potosi,tomas frias,potosi,06,01001,02,08,06,105,201,2022-07-26T21:39:08.584Z
632,500632,potosi,tomas frias,potosi,06,01001,03,03,06,106,135,2022-07-26T22:40:45.639Z
4883,504883,potosi,jose maria linarez,puna,01,01019,01,02,01,106,147,2022-08-17T19:55:11.216Z
1251,501251,potosi,tomas frias,potosi,03,01001,01,02,03,107,146,2022-07-22T22:07:42.072Z
822,500822,potosi,tomas frias,potosi,01,01001,03,06,01,108,204,2022-07-22T18:38:37.058Z
6249,506249,potosi,tomas frias,yocalla,01,01036,01,02,01,11,24,2022-09-10T22:52:41.477Z
4894,504894,potosi,jose maria linarez,puna,01,08033,01,04,01,11,40,2022-08-17T20:01:35.029Z
2324,502324,potosi,tomas frias,potosi,15,01001,01,12,15,11,64,2022-07-26T19:21:17.439Z
1530,501530,potosi,tomas frias,potosi,03,01001,01,14,03,110,152,2022-07-13T18:09:43.709Z
271,500271,potosi,tomas frias,potosi,01,01001,05,12,01,111,139,2022-07-22T00:42:43.804Z
6134,506134,potosi,tomas frias,tinguipaya,00,00000,00,04,00,111,233,2022-09-15T19:56:50.060Z
4905,504905,potosi,jose maria linarez,puna,01,08022,01,04,01,113,158,2022-08-17T20:26:31.652Z
4035,504035,potosi,antonio quijarro,porco,01,01001,01,03,01,113,96,2022-08-12T19:15:17.134Z
315,500315,potosi,tomas frias,potosi,06,01001,02,03,06,114,132,2022-08-12T14:51:20.314Z
842,500842,potosi,tomas frias,potosi,02,01001,01,13,02,114,135,2022-07-22T22:19:33.160Z
1036,501036,potosi,tomas frias,potosi,02,01001,02,12,02,115,128,2022-07-21T22:14:04.561Z
357,500357,potosi,tomas frias,potosi,05,01001,03,15,05,115,132,2022-07-21T22:40:07.749Z
576,500576,potosi,tomas frias,potosi,02,01001,02,01,02,115,152,2022-07-21T22:34:26.204Z
4878,504878,potosi,jose maria linarez,puna,01,01019,01,08,01,115,215,2022-08-18T19:33:47.527Z
2331,502331,potosi,tomas frias,potosi,15,01001,02,11,15,115,236,2022-07-26T22:05:50.961Z
910,500910,potosi,tomas frias,potosi,08,01001,03,13,08,117,155,2022-07-25T19:51:26.611Z
963,500963,potosi,tomas frias,potosi,09,01001,03,06,09,117,212,2022-07-22T21:54:39.108Z
2223,502223,potosi,tomas frias,potosi,13,01001,01,14,13,117,340,2022-08-12T17:48:07.740Z
1525,501525,potosi,tomas frias,potosi,03,01001,01,11,03,118,158,2022-07-22T22:23:04.849Z
1349,501349,potosi,tomas frias,potosi,13,01001,02,17,13,118,220,2022-07-26T23:29:30.211Z
816,500816,potosi,tomas frias,potosi,05,01001,02,05,05,119,190,2022-07-20T21:52:41.858Z
6151,506151,potosi,tomas frias,yocalla,01,01011,01,03,01,12,13,2022-09-09T21:15:51.635Z
3867,503867,potosi,tomas frias,potosi,01,03016,01,08,01,12,31,2022-08-04T21:14:14.893Z
2299,502299,potosi,tomas frias,potosi,12,01001,01,10,12,12,92,2022-07-26T21:06:56.393Z
3690,503690,potosi,cornelio saavedra,betanzos,01,01001,02,13,01,120,141,2022-08-26T20:50:17.240Z
690,500690,potosi,tomas frias,potosi,05,01001,04,06,05,121,166,2022-07-26T23:05:23.097Z
697,500697,potosi,tomas frias,potosi,05,01001,05,11,05,121,194,2022-07-20T20:29:08.161Z
313,500313,potosi,tomas frias,potosi,06,01001,02,16,06,121,197,2022-07-22T21:00:05.429Z
1908,501908,potosi,tomas frias,potosi,08,01001,02,15,08,123,148,2022-07-13T18:54:57.027Z
4058,504058,potosi,antonio quijarro,porco,01,01005,02,12,01,125,101,2022-08-10T20:20:37.999Z
6254,506254,potosi,tomas frias,yocalla,00,00000,00,05,00,128,190,2022-09-15T17:57:34.366Z
349,500349,potosi,tomas frias,potosi,07,01001,01,05,07,129,160,2022-05-29T20:59:31.833Z
3631,503631,potosi,cornelio saavedra,betanzos,01,01001,02,12,01,129,173,2022-08-19T14:35:01.542Z
6804,506804,potosi,tomas frias,yocalla,01,01036,01,04,01,129,89,2022-09-12T21:07:30.936Z
6261,506261,potosi,tomas frias,potosi,01,03023,01,01,01,13,25,2022-09-09T21:08:00.427Z
2320,502320,potosi,tomas frias,potosi,15,01001,02,06,15,13,36,2022-07-28T13:41:45.790Z
2170,502170,potosi,tomas frias,potosi,13,01001,01,06,13,13,47,2022-08-09T20:41:03.742Z
1507,501507,potosi,tomas frias,potosi,01,01001,04,11,01,130,468,2022-07-22T18:39:25.406Z
6173,506173,potosi,tomas frias,yocalla,00,00000,00,01,00,131,198,2022-09-13T21:46:17.136Z
4044,504044,potosi,antonio quijarro,porco,01,01005,01,16,01,131,87,2022-08-10T18:43:02.061Z
278,500278,potosi,tomas frias,potosi,06,01001,01,12,06,132,144,2022-06-24T22:43:44.787Z
6158,506158,potosi,tomas frias,urmiri,00,00000,00,04,00,132,200,2022-09-17T21:17:15.708Z
275,500275,potosi,tomas frias,potosi,06,01001,01,14,06,132,213,2022-07-26T21:11:04.185Z
798,500798,potosi,tomas frias,potosi,02,01001,01,16,02,133,181,2022-07-27T13:41:48.812Z
3669,503669,potosi,cornelio saavedra,betanzos,01,01001,03,04,01,133,190,2022-08-26T15:56:51.440Z
368,500368,potosi,tomas frias,potosi,05,01001,04,12,05,135,175,2022-07-01T19:57:44.267Z
834,500834,potosi,tomas frias,potosi,02,01001,01,07,02,136,151,2022-08-12T14:57:12.401Z
3656,503656,potosi,cornelio saavedra,betanzos,01,01001,03,06,01,137,228,2022-08-19T14:59:23.000Z
4054,504054,potosi,antonio quijarro,porco,01,01005,01,09,01,137,54,2022-08-10T20:34:06.930Z
309,500309,potosi,tomas frias,potosi,06,01001,02,05,06,138,165,2022-07-22T20:59:58.537Z
3640,503640,potosi,cornelio saavedra,betanzos,01,01001,03,01,01,139,183,2022-08-26T20:29:13.792Z
5400,505400,potosi,tomas frias,yocalla,01,03045,01,03,01,14,21,2022-08-23T20:53:08.943Z
6146,506146,potosi,tomas frias,yocalla,01,01032,01,02,01,14,26,2022-09-02T22:13:34.368Z
4802,504802,potosi,jose maria linarez,"caiza ""d""",01,03012,01,05,01,14,36,2022-08-24T18:07:28.072Z
5447,505447,potosi,cornelio saavedra,chaqui,01,01011,01,04,01,14,53,2022-08-24T12:51:25.058Z
6732,506732,potosi,tomas frias,yocalla,00,00000,00,11,00,14,58,2022-09-11T19:19:12.943Z
5446,505446,potosi,cornelio saavedra,chaqui,01,01011,01,03,01,140,105,2022-08-23T22:21:15.360Z
4096,504096,potosi,antonio quijarro,porco,01,01005,02,09,01,140,79,2022-08-09T20:42:02.668Z
303,500303,potosi,tomas frias,potosi,01,01001,01,05,01,143,153,2022-07-20T21:59:16.727Z
4889,504889,potosi,jose maria linarez,puna,01,01019,01,07,01,143,217,2022-08-18T19:52:11.952Z
4703,504703,potosi,jose maria linarez,"caiza ""d""",01,03009,01,05,01,144,155,2022-08-17T19:02:06.712Z
1509,501509,potosi,tomas frias,potosi,01,01001,04,06,01,145,432,2022-07-22T18:39:27.795Z
6137,506137,potosi,tomas frias,tinguipaya,01,02032,01,03,01,148,262,2022-09-08T19:01:58.968Z
4774,504774,potosi,jose maria linarez,"caiza ""d""",01,03009,01,12,01,15,10,2022-08-18T20:14:08.742Z
2109,502109,potosi,tomas frias,potosi,13,01001,01,02,13,15,136,2022-07-26T19:02:50.187Z
3646,503646,potosi,cornelio saavedra,betanzos,01,01001,01,10,01,15,147,2022-08-03T00:15:16.280Z
6140,506140,potosi,tomas frias,yocalla,50,02006,01,01,50,15,15,2022-09-02T20:44:08.150Z
5412,505412,potosi,tomas frias,yocalla,01,01026,01,02,01,15,18,2022-08-22T20:15:35.841Z
1573,501573,potosi,tomas frias,potosi,03,01001,01,18,03,15,31,2022-06-24T22:22:35.147Z
2793,502793,potosi,tomas frias,potosi,17,01001,01,03,17,15,47,2022-07-18T22:01:46.518Z
2322,502322,potosi,tomas frias,potosi,15,01001,01,03,15,15,98,2022-07-19T20:32:51.625Z
5398,505398,potosi,cornelio saavedra,chaqui,01,01010,01,04,01,152,188,2022-08-26T16:58:00.787Z
4074,504074,potosi,antonio quijarro,porco,01,01001,02,04,01,155,20,2022-08-11T19:02:52.236Z
578,500578,potosi,tomas frias,potosi,02,01001,02,03,02,158,183,2022-07-21T22:34:29.336Z
7167,507167,potosi,tomas frias,tinguipaya,00,00000,00,06,00,158,292,2022-09-22T19:45:08.246Z
355,500355,potosi,tomas frias,potosi,05,01001,03,11,05,16,25,2022-07-20T21:52:11.691Z
6144,506144,potosi,tomas frias,yocalla,50,02006,01,05,50,16,29,2022-09-02T20:50:43.771Z
713,500713,potosi,tomas frias,potosi,09,01001,05,15,09,163,227,2022-07-22T22:40:50.096Z
6135,506135,potosi,tomas frias,tinguipaya,01,01054,01,01,01,164,102,2022-09-05T14:01:16.557Z
439,500439,potosi,tomas frias,potosi,06,01001,01,05,06,165,210,2022-07-13T19:10:44.477Z
4080,504080,potosi,antonio quijarro,porco,01,01001,02,09,01,165,87,2022-08-10T00:22:49.524Z
6139,506139,potosi,tomas frias,tinguipaya,01,02032,01,01,01,167,235,2022-09-09T22:33:53.542Z
2784,502784,potosi,tomas frias,potosi,17,01001,01,01,17,17,118,2022-07-22T13:08:13.115Z
3869,503869,potosi,tomas frias,potosi,01,03016,01,09,01,17,35,2022-08-05T18:59:17.320Z
5405,505405,potosi,tomas frias,yocalla,01,03001,01,03,01,17,35,2022-08-23T20:28:24.188Z
939,500939,potosi,tomas frias,potosi,05,01001,01,14,05,17,36,2022-07-01T19:58:56.156Z
2838,502838,potosi,tomas frias,potosi,17,01001,01,05,17,17,82,2022-07-21T20:07:06.556Z
2800,502800,potosi,tomas frias,potosi,17,01001,01,06,17,17,87,2022-07-21T20:55:57.593Z
1494,501494,potosi,tomas frias,potosi,09,01001,02,02,09,17,92,2022-07-25T18:44:48.069Z
287,500287,potosi,tomas frias,potosi,06,01001,01,09,06,174,215,2022-07-26T21:11:11.789Z
6808,506808,potosi,tomas frias,yocalla,00,00000,00,04,00,174,544,2022-09-21T20:42:46.755Z
6302,506302,potosi,tomas frias,urmiri,00,00000,00,05,00,174,84,2022-09-08T16:11:47.053Z
365,500365,potosi,tomas frias,potosi,05,01001,04,10,05,176,200,2022-07-26T23:04:29.045Z
6809,506809,potosi,tomas frias,yocalla,00,00000,00,08,00,176,294,2022-09-18T13:04:54.814Z
2004,502004,potosi,tomas frias,potosi,04,01001,03,10,04,18,29,2022-07-08T22:57:44.391Z
4088,504088,potosi,antonio quijarro,porco,01,01001,01,12,01,18,47,2022-08-11T20:17:10.903Z
1883,501883,potosi,tomas frias,potosi,02,01001,03,09,02,18,79,2022-07-27T15:45:40.249Z
6136,506136,potosi,tomas frias,tinguipaya,01,01054,01,02,01,182,82,2022-09-05T03:03:37.078Z
5407,505407,potosi,cornelio saavedra,chaqui,01,01010,01,05,01,19,36,2022-08-22T21:44:19.161Z
2323,502323,potosi,tomas frias,potosi,15,01001,01,11,15,19,37,2022-07-26T17:48:33.455Z
3665,503665,potosi,cornelio saavedra,betanzos,01,01001,02,06,01,19,76,2022-08-03T18:29:04.751Z
6153,506153,potosi,tomas frias,yocalla,00,00000,00,10,00,192,255,2022-09-16T22:37:22.712Z
283,500283,potosi,tomas frias,potosi,06,01001,01,07,06,194,254,2022-07-04T20:48:35.745Z
1946,501946,potosi,tomas frias,potosi,04,01001,03,15,04,2,21,2022-07-01T19:33:41.208Z
3688,503688,potosi,cornelio saavedra,betanzos,01,01001,02,08,01,2,28,2022-08-02T20:30:11.616Z
2283,502283,potosi,tomas frias,potosi,12,01001,01,11,12,2,43,2022-07-23T00:49:35.233Z
1207,501207,potosi,tomas frias,potosi,01,01001,04,02,01,2,80,2022-07-22T18:39:16.700Z
2313,502313,potosi,tomas frias,potosi,15,01001,02,08,15,20,100,2022-07-13T21:27:53.024Z
2236,502236,potosi,tomas frias,potosi,12,01001,04,15,12,20,33,2022-07-26T16:29:45.505Z
4090,504090,potosi,antonio quijarro,porco,01,01005,02,05,01,20,60,2022-08-09T18:58:01.468Z
4099,504099,potosi,antonio quijarro,porco,01,01005,02,06,01,20,60,2022-08-10T18:59:06.785Z
3696,503696,potosi,cornelio saavedra,betanzos,01,01001,03,08,01,20,61,2022-08-02T21:08:18.022Z
1588,501588,potosi,tomas frias,potosi,02,01001,03,10,02,21,118,2022-08-09T18:33:42.559Z
5406,505406,potosi,tomas frias,yocalla,01,03001,01,04,01,21,30,2022-08-23T20:56:58.560Z
2317,502317,potosi,tomas frias,potosi,15,01001,02,02,15,22,32,2022-07-26T23:30:57.190Z
717,500717,potosi,tomas frias,potosi,06,01001,01,10,06,22,40,2022-06-07T16:43:48.133Z
6141,506141,potosi,tomas frias,yocalla,50,02006,01,02,50,22,41,2022-09-02T20:45:44.421Z
4764,504764,potosi,jose maria linarez,"caiza ""d""",01,03009,01,10,01,22,60,2022-08-17T19:25:12.592Z
6132,506132,potosi,tomas frias,tinguipaya,01,02017,01,02,01,22,70,2022-09-04T16:15:14.724Z
6221,506221,potosi,tomas frias,tinguipaya,00,00000,00,14,00,224,357,2022-09-10T16:22:17.462Z
6229,506229,potosi,tomas frias,yocalla,00,00000,00,07,00,224,444,2022-09-17T00:10:26.809Z
6258,506258,potosi,tomas frias,yocalla,00,00000,00,12,00,228,300,2022-09-17T15:51:50.957Z
5420,505420,potosi,tomas frias,yocalla,01,03001,01,05,01,23,31,2022-08-26T20:33:38.933Z
6263,506263,potosi,tomas frias,potosi,01,03023,01,03,01,23,33,2022-09-09T23:47:46.684Z
4876,504876,potosi,jose maria linarez,puna,01,01019,01,09,01,23,91,2022-08-16T20:42:46.853Z
2309,502309,potosi,tomas frias,potosi,15,01001,02,13,15,23,95,2022-07-25T21:08:33.119Z
341,500341,potosi,tomas frias,potosi,07,01001,02,03,07,24,31,2022-08-09T20:37:52.709Z
322,500322,potosi,tomas frias,potosi,06,01001,03,15,06,24,36,2022-07-26T18:13:44.975Z
4707,504707,potosi,jose maria linarez,"caiza ""d""",01,03009,01,06,01,24,42,2022-08-18T21:05:12.006Z
5440,505440,potosi,tomas frias,yocalla,01,03032,01,01,01,24,52,2022-08-22T20:43:55.344Z
4064,504064,potosi,antonio quijarro,porco,01,01005,01,12,01,24,65,2022-08-11T18:37:55.670Z
6807,506807,potosi,tomas frias,yocalla,00,00000,00,03,00,246,357,2022-09-22T14:17:55.765Z
4873,504873,potosi,jose maria linarez,puna,01,01019,01,06,01,25,137,2022-08-15T20:48:58.780Z
6166,506166,potosi,tomas frias,tinguipaya,00,00000,00,15,00,25,338,2022-09-09T21:58:40.966Z
4773,504773,potosi,jose maria linarez,"caiza ""d""",01,03009,01,11,01,25,37,2022-08-18T20:14:06.051Z
4056,504056,potosi,antonio quijarro,porco,01,01005,02,10,01,25,76,2022-08-08T20:25:08.415Z
2124,502124,potosi,tomas frias,potosi,13,01001,01,09,13,26,125,2022-07-08T12:44:58.897Z
835,500835,potosi,tomas frias,potosi,01,01001,03,04,01,26,142,2022-07-22T18:38:47.950Z
6149,506149,potosi,tomas frias,yocalla,01,01011,01,01,01,26,34,2022-09-09T17:04:25.894Z
1199,501199,potosi,tomas frias,potosi,01,01001,04,01,01,26,94,2022-07-22T18:50:16.730Z
6169,506169,potosi,tomas frias,tinguipaya,00,00000,00,12,00,262,176,2022-09-20T16:43:26.980Z
630,500630,potosi,tomas frias,potosi,06,01001,03,02,06,27,34,2022-07-21T23:43:05.539Z
6150,506150,potosi,tomas frias,yocalla,01,01011,01,02,01,27,51,2022-09-09T17:04:29.731Z
3663,503663,potosi,cornelio saavedra,betanzos,01,01001,02,03,01,27,61,2022-08-12T14:19:47.493Z
624,500624,potosi,tomas frias,potosi,06,01001,03,05,06,27,65,2022-07-15T22:13:18.365Z
6830,506830,potosi,tomas frias,urmiri,00,00000,00,02,00,271,578,2022-09-21T03:02:42.756Z
6219,506219,potosi,tomas frias,tinguipaya,00,00000,00,26,00,272,265,2022-09-13T21:04:45.940Z
2247,502247,potosi,tomas frias,potosi,13,01001,01,01,13,28,135,2022-07-26T14:51:49.578Z
1516,501516,potosi,tomas frias,potosi,01,01001,04,14,01,28,57,2022-07-08T22:59:41.065Z
2254,502254,potosi,tomas frias,potosi,12,01001,03,16,12,3,50,2022-07-26T14:45:49.977Z
5449,505449,potosi,tomas frias,yocalla,01,03045,01,04,01,3,55,2022-08-23T20:59:58.041Z
1330,501330,potosi,tomas frias,potosi,05,01001,02,04,05,3,67,2022-07-20T21:52:57.457Z
2174,502174,potosi,tomas frias,potosi,10,01001,01,07,10,3,72,2022-07-26T18:35:43.470Z
6845,506845,potosi,tomas frias,urmiri,00,00000,00,07,00,3,85,2022-09-17T13:45:44.370Z
3643,503643,potosi,cornelio saavedra,betanzos,01,01001,03,13,01,30,103,2022-08-03T20:02:28.640Z
4839,504839,potosi,jose maria linarez,"caiza ""d""",01,04002,01,03,01,30,16,2022-08-16T21:03:17.375Z
4844,504844,potosi,jose maria linarez,"caiza ""d""",01,04002,01,05,01,30,32,2022-08-17T20:21:27.500Z
680,500680,potosi,tomas frias,potosi,05,01001,03,06,05,30,36,2022-07-01T22:44:45.504Z
382,500382,potosi,tomas frias,potosi,05,01001,06,01,05,30,49,2022-07-20T20:20:56.511Z
4094,504094,potosi,antonio quijarro,porco,01,01005,02,15,01,30,70,2022-08-26T19:28:40.449Z
4079,504079,potosi,antonio quijarro,porco,01,01001,02,08,01,31,10,2022-08-10T00:17:10.614Z
1701,501701,potosi,tomas frias,potosi,01,01001,04,07,01,31,372,2022-07-20T22:04:37.765Z
915,500915,potosi,tomas frias,potosi,08,01001,03,11,08,31,51,2022-06-10T23:45:28.050Z
2208,502208,potosi,tomas frias,potosi,13,01001,01,08,13,31,84,2022-07-09T15:38:24.197Z
1149,501149,potosi,tomas frias,potosi,02,01001,02,17,02,33,48,2022-06-30T21:20:41.250Z
1359,501359,potosi,tomas frias,potosi,11,01001,01,07,11,33,51,2022-06-13T18:44:11.958Z
383,500383,potosi,tomas frias,potosi,05,01001,06,05,05,33,56,2022-07-22T20:46:10.129Z
2825,502825,potosi,tomas frias,potosi,17,01001,01,04,17,33,69,2022-07-20T12:48:47.388Z
6797,506797,potosi,tomas frias,tinguipaya,00,00000,00,05,00,334,371,2022-09-19T18:50:24.794Z
4062,504062,potosi,antonio quijarro,porco,01,01005,01,05,01,34,120,2022-08-09T17:43:51.388Z
4892,504892,potosi,jose maria linarez,puna,01,08033,01,03,01,34,34,2022-08-16T20:43:46.363Z
6264,506264,potosi,tomas frias,potosi,01,03023,01,04,01,34,36,2022-09-09T21:08:25.607Z
4052,504052,potosi,antonio quijarro,porco,01,01005,01,06,01,34,39,2022-08-09T20:25:50.218Z
5443,505443,potosi,tomas frias,yocalla,01,03032,01,04,01,34,40,2022-08-23T22:02:45.833Z
4082,504082,potosi,antonio quijarro,porco,01,01001,02,10,01,34,49,2022-08-10T20:35:17.686Z
245,500245,potosi,tomas frias,potosi,01,01001,02,15,01,34,51,2022-07-20T19:53:52.039Z
5403,505403,potosi,tomas frias,yocalla,01,03001,01,01,01,34,51,2022-08-22T22:06:28.262Z
7186,507186,potosi,tomas frias,potosi,00,00000,00,07,00,340,421,2022-09-18T14:29:06.623Z
6304,506304,potosi,tomas frias,urmiri,00,00000,00,06,00,342,309,2022-09-16T13:45:45.760Z
5414,505414,potosi,tomas frias,yocalla,01,01026,01,03,01,35,24,2022-08-23T16:10:43.516Z
2327,502327,potosi,tomas frias,potosi,15,01001,01,15,15,35,47,2022-07-26T19:21:23.536Z
4048,504048,potosi,antonio quijarro,porco,01,03001,01,02,01,35,50,2022-08-11T18:45:46.344Z
364,500364,potosi,tomas frias,potosi,05,01001,04,14,05,36,42,2022-07-26T22:51:35.059Z
6161,506161,potosi,tomas frias,urmiri,00,00000,00,03,00,360,226,2022-09-12T12:40:24.092Z
2123,502123,potosi,tomas frias,potosi,13,01001,02,10,13,37,100,2022-07-13T15:25:46.450Z
292,500292,potosi,tomas frias,potosi,01,01001,01,14,01,37,166,2022-07-20T21:57:47.882Z
5437,505437,potosi,tomas frias,yocalla,01,03039,01,01,01,37,28,2022-08-22T21:23:50.973Z
6142,506142,potosi,tomas frias,yocalla,50,02006,01,03,50,37,37,2022-09-02T21:23:58.114Z
2219,502219,potosi,tomas frias,potosi,12,01001,04,09,12,37,45,2022-07-09T00:40:01.793Z
4101,504101,potosi,antonio quijarro,porco,01,01005,02,16,01,37,48,2022-08-11T20:23:05.642Z
393,500393,potosi,tomas frias,potosi,05,01001,06,13,05,37,63,2022-07-26T18:15:10.815Z
6250,506250,potosi,tomas frias,yocalla,01,01036,01,03,01,37,86,2022-09-12T21:07:43.346Z
6138,506138,potosi,tomas frias,tinguipaya,01,02032,01,02,01,37,91,2022-09-02T21:44:24.614Z
3642,503642,potosi,cornelio saavedra,betanzos,01,01001,03,09,01,38,107,2022-08-03T20:38:38.217Z
6152,506152,potosi,tomas frias,yocalla,01,01011,01,04,01,38,50,2022-09-09T17:04:36.164Z
2220,502220,potosi,tomas frias,potosi,12,01001,04,10,12,38,65,2022-07-09T00:40:06.745Z
389,500389,potosi,tomas frias,potosi,05,01001,06,09,05,38,71,2022-07-21T21:00:24.060Z
3644,503644,potosi,cornelio saavedra,betanzos,01,01001,01,07,01,38,92,2022-08-02T21:06:57.654Z
1661,501661,potosi,tomas frias,potosi,13,01001,02,01,13,39,113,2022-07-26T23:49:28.655Z
1355,501355,potosi,tomas frias,potosi,10,01001,02,06,10,39,118,2022-07-26T18:48:39.054Z
440,500440,potosi,tomas frias,potosi,06,01001,01,13,06,39,65,2022-07-26T21:11:14.539Z
823,500823,potosi,tomas frias,potosi,05,01001,02,01,05,39,74,2022-07-20T21:52:47.882Z
3859,503859,potosi,tomas frias,potosi,01,03016,01,06,01,39,78,2022-08-10T15:26:17.627Z
1698,501698,potosi,tomas frias,potosi,11,01001,01,17,11,39,95,2022-07-21T22:49:50.170Z
7174,507174,potosi,tomas frias,tinguipaya,00,00000,00,07,00,393,399,2022-09-19T21:41:11.481Z
1706,501706,potosi,tomas frias,potosi,02,01001,03,06,02,4,146,2022-06-24T22:32:48.039Z
1331,501331,potosi,tomas frias,potosi,05,01001,02,14,05,4,17,2022-07-20T21:53:02.417Z
5439,505439,potosi,tomas frias,yocalla,01,03039,01,03,01,4,20,2022-08-23T21:00:56.888Z
2300,502300,potosi,tomas frias,potosi,12,01001,02,05,12,4,63,2022-07-26T16:30:55.375Z
4043,504043,potosi,antonio quijarro,porco,01,01005,01,14,01,40,111,2022-08-09T21:32:21.746Z
7803,507803,potosi,tomas frias,potosi,01,02004,01,04,01,40,28,2022-09-18T23:38:34.559Z
4837,504837,potosi,jose maria linarez,"caiza ""d""",01,04002,01,02,01,40,29,2022-08-15T20:34:54.078Z
4891,504891,potosi,jose maria linarez,puna,01,08033,01,01,01,40,50,2022-08-16T20:58:56.637Z
964,500964,potosi,tomas frias,potosi,05,01001,01,01,05,40,57,2022-06-10T00:39:46.734Z
384,500384,potosi,tomas frias,potosi,05,01001,06,03,05,40,59,2022-07-20T17:06:40.625Z
1886,501886,potosi,tomas frias,potosi,08,01001,02,16,08,40,59,2022-07-13T18:15:08.378Z
5441,505441,potosi,tomas frias,yocalla,01,03032,01,02,01,40,64,2022-08-22T20:44:00.380Z
691,500691,potosi,tomas frias,potosi,05,01001,04,03,05,40,68,2022-07-28T13:41:01.637Z
233,500233,potosi,tomas frias,potosi,01,01001,05,09,01,40,70,2022-07-22T18:37:59.064Z
4886,504886,potosi,jose maria linarez,puna,01,01019,01,03,01,40,95,2022-08-26T20:32:52.342Z
936,500936,potosi,tomas frias,potosi,09,01001,05,13,09,41,53,2022-07-22T22:41:05.781Z
4051,504051,potosi,antonio quijarro,porco,01,01005,01,10,01,41,65,2022-08-09T20:25:44.286Z
1310,501310,potosi,tomas frias,potosi,04,01001,01,02,04,41,67,2022-07-01T20:42:12.247Z
6145,506145,potosi,tomas frias,yocalla,01,01032,01,01,01,41,69,2022-09-02T22:13:31.656Z
2272,502272,potosi,tomas frias,potosi,12,01001,02,14,12,41,90,2022-07-26T14:44:24.525Z
2253,502253,potosi,tomas frias,potosi,12,01001,03,15,12,41,93,2022-07-11T01:30:21.914Z
236,500236,potosi,tomas frias,potosi,01,01001,05,10,01,42,49,2022-05-28T20:02:29.910Z
240,500240,potosi,tomas frias,potosi,01,01001,01,15,01,42,58,2022-07-25T19:45:10.651Z
683,500683,potosi,tomas frias,potosi,05,01001,02,11,05,42,59,2022-07-02T14:49:58.428Z
886,500886,potosi,tomas frias,potosi,11,01001,02,06,11,42,60,2022-06-07T22:16:46.860Z
4095,504095,potosi,antonio quijarro,porco,01,01005,02,17,01,42,68,2022-08-11T20:29:38.201Z
1159,501159,potosi,tomas frias,potosi,02,01001,03,13,02,42,70,2022-07-22T20:38:03.133Z
3673,503673,potosi,cornelio saavedra,betanzos,01,01001,03,07,01,43,100,2022-08-02T20:20:20.569Z
5395,505395,potosi,tomas frias,yocalla,01,03033,01,01,01,43,14,2022-08-23T20:27:22.324Z
385,500385,potosi,tomas frias,potosi,05,01001,06,04,05,43,52,2022-07-12T02:54:52.767Z
1034,501034,potosi,tomas frias,potosi,02,01001,02,13,02,43,52,2022-06-06T21:50:28.330Z
4908,504908,potosi,jose maria linarez,puna,01,08022,01,05,01,43,56,2022-08-18T19:32:53.467Z
710,500710,potosi,tomas frias,potosi,11,01001,02,13,11,43,57,2022-07-21T21:26:16.399Z
4100,504100,potosi,antonio quijarro,porco,01,01005,02,14,01,43,59,2022-08-11T20:27:30.809Z
1542,501542,potosi,tomas frias,potosi,08,01001,04,12,08,43,69,2022-07-25T19:52:12.074Z
882,500882,potosi,tomas frias,potosi,11,01001,02,07,11,43,72,2022-07-12T12:41:24.672Z
712,500712,potosi,tomas frias,potosi,11,01001,02,10,11,43,84,2022-07-21T21:26:44.137Z
4913,504913,potosi,jose maria linarez,puna,01,05017,01,03,01,43,84,2022-08-17T20:33:30.110Z
4055,504055,potosi,antonio quijarro,porco,01,01005,02,18,01,43,93,2022-08-11T20:16:16.720Z
2012,502012,potosi,tomas frias,potosi,08,01001,01,01,08,44,50,2022-07-26T22:10:13.914Z
1170,501170,potosi,tomas frias,potosi,09,01001,04,03,09,44,58,2022-07-08T21:55:36.753Z
1301,501301,potosi,tomas frias,potosi,04,01001,01,12,04,44,67,2022-07-22T22:12:12.700Z
2159,502159,potosi,tomas frias,potosi,10,01001,01,02,10,45,119,2022-08-05T02:27:51.196Z
4797,504797,potosi,jose maria linarez,"caiza ""d""",01,03012,01,01,01,45,31,2022-08-15T20:52:57.495Z
356,500356,potosi,tomas frias,potosi,05,01001,03,09,05,45,48,2022-07-03T14:42:09.855Z
298,500298,potosi,tomas frias,potosi,01,01001,01,09,01,45,58,2022-07-20T21:57:53.449Z
4698,504698,potosi,jose maria linarez,"caiza ""d""",01,03009,01,04,01,45,61,2022-08-16T21:17:16.283Z
1364,501364,potosi,tomas frias,potosi,11,01001,01,05,11,45,63,2022-07-12T12:43:58.249Z
2155,502155,potosi,tomas frias,potosi,13,01001,01,04,13,46,152,2022-07-26T19:14:29.166Z
641,500641,potosi,tomas frias,potosi,08,01001,03,01,08,46,50,2022-07-25T19:51:03.760Z
4893,504893,potosi,jose maria linarez,puna,01,08033,01,02,01,46,68,2022-08-17T20:01:30.157Z
1880,501880,potosi,tomas frias,potosi,08,01001,02,18,08,46,74,2022-07-23T13:57:10.968Z
1644,501644,potosi,tomas frias,potosi,10,01001,03,16,10,46,84,2022-07-26T16:17:39.466Z
1048,501048,potosi,tomas frias,potosi,02,01001,02,08,02,46,86,2022-07-21T22:34:34.124Z
1903,501903,potosi,tomas frias,potosi,04,01001,02,05,04,46,95,2022-07-08T23:00:19.748Z
826,500826,potosi,tomas frias,potosi,05,01001,02,02,05,47,100,2022-07-20T21:52:50.475Z
1577,501577,potosi,tomas frias,potosi,02,01001,03,19,02,47,125,2022-07-22T21:26:17.933Z
3641,503641,potosi,cornelio saavedra,betanzos,01,01001,03,03,01,47,145,2022-08-05T15:34:29.646Z
6252,506252,potosi,tomas frias,yocalla,01,01011,01,05,01,47,46,2022-09-09T17:04:38.578Z
1953,501953,potosi,tomas frias,potosi,04,01001,02,02,04,47,56,2022-07-13T19:12:33.907Z
838,500838,potosi,tomas frias,potosi,09,01001,01,14,09,47,62,2022-07-22T22:55:56.869Z
2117,502117,potosi,tomas frias,potosi,12,01001,04,07,12,47,66,2022-07-13T18:01:19.681Z
620,500620,potosi,tomas frias,potosi,02,01001,01,01,02,47,71,2022-07-21T21:33:59.726Z
1681,501681,potosi,tomas frias,potosi,11,01001,01,13,11,47,75,2022-07-12T12:42:12.544Z
1539,501539,potosi,tomas frias,potosi,08,01001,04,14,08,47,80,2022-07-10T23:20:22.129Z
4046,504046,potosi,antonio quijarro,porco,01,01005,01,15,01,47,83,2022-08-11T21:10:06.540Z
4059,504059,potosi,antonio quijarro,porco,01,01005,02,13,01,47,93,2022-08-11T20:45:02.215Z
1472,501472,potosi,tomas frias,potosi,02,01001,03,17,02,48,122,2022-07-22T20:38:16.398Z
952,500952,potosi,tomas frias,potosi,05,01001,01,05,05,48,145,2022-07-01T19:59:11.516Z
1336,501336,potosi,tomas frias,potosi,14,01001,01,10,14,48,169,2022-07-21T22:38:45.634Z
3836,503836,potosi,tomas frias,potosi,01,04016,01,17,01,48,32,2022-08-05T19:12:53.659Z
391,500391,potosi,tomas frias,potosi,05,01001,06,12,05,48,66,2022-07-21T21:00:29.597Z
1265,501265,potosi,tomas frias,potosi,08,01001,03,10,08,48,72,2022-07-25T15:24:13.419Z
4710,504710,potosi,jose maria linarez,"caiza ""d""",01,03009,01,07,01,49,101,2022-08-18T21:05:15.758Z
4798,504798,potosi,jose maria linarez,"caiza ""d""",01,03012,01,02,01,49,54,2022-08-15T20:53:00.951Z
1276,501276,potosi,tomas frias,potosi,08,01001,03,09,08,49,62,2022-07-25T19:51:39.171Z
3704,503704,potosi,cornelio saavedra,betanzos,01,01001,01,13,01,49,74,2022-08-02T20:17:46.830Z
2321,502321,potosi,tomas frias,potosi,15,01001,02,05,15,5,30,2022-07-26T23:42:01.162Z
2788,502788,potosi,tomas frias,potosi,17,01001,01,02,17,5,35,2022-07-22T13:08:16.695Z
5417,505417,potosi,tomas frias,yocalla,01,01026,01,04,01,5,4,2022-08-23T21:00:17.171Z
2301,502301,potosi,tomas frias,potosi,12,01001,01,06,12,5,48,2022-07-26T16:29:02.266Z
4071,504071,potosi,antonio quijarro,porco,01,01001,01,06,01,5,49,2022-08-10T18:07:03.753Z
1332,501332,potosi,tomas frias,potosi,14,01001,01,07,14,5,55,2022-07-21T22:38:35.266Z
6248,506248,potosi,tomas frias,yocalla,01,01036,01,01,01,5,69,2022-09-10T22:52:29.419Z
962,500962,potosi,tomas frias,potosi,05,01001,01,02,05,50,101,2022-07-02T01:15:37.022Z
4045,504045,potosi,antonio quijarro,porco,01,01005,01,11,01,50,111,2022-08-10T18:43:04.180Z
4887,504887,potosi,jose maria linarez,puna,01,01019,01,04,01,50,123,2022-08-15T19:38:18.087Z
848,500848,potosi,tomas frias,potosi,09,01001,01,08,09,50,125,2022-07-22T22:58:36.567Z
2019,502019,potosi,tomas frias,potosi,08,01001,01,10,08,50,141,2022-07-22T21:58:57.155Z
619,500619,potosi,tomas frias,potosi,01,01001,02,01,01,50,56,2022-07-20T19:45:52.853Z
681,500681,potosi,tomas frias,potosi,05,01001,03,05,05,50,57,2022-07-20T21:52:26.833Z
711,500711,potosi,tomas frias,potosi,11,01001,02,12,11,50,57,2022-07-21T22:47:15.634Z
608,500608,potosi,tomas frias,potosi,01,01001,05,15,01,50,59,2022-07-22T00:42:46.650Z
956,500956,potosi,tomas frias,potosi,05,01001,01,06,05,50,70,2022-07-01T19:59:14.785Z
387,500387,potosi,tomas frias,potosi,05,01001,06,07,05,50,71,2022-07-21T21:00:21.400Z
235,500235,potosi,tomas frias,potosi,01,01001,05,07,01,50,79,2022-07-22T00:42:32.438Z
1367,501367,potosi,tomas frias,potosi,11,01001,01,01,11,50,81,2022-07-12T12:42:08.816Z
1561,501561,potosi,tomas frias,potosi,08,01001,04,01,08,50,83,2022-07-25T19:52:26.864Z
2097,502097,potosi,tomas frias,potosi,13,01001,02,02,13,50,87,2022-07-26T15:33:34.442Z
769,500769,potosi,tomas frias,potosi,05,01001,02,17,05,50,99,2022-07-13T01:56:53.231Z
321,500321,potosi,tomas frias,potosi,06,01001,03,14,06,51,103,2022-07-26T22:40:29.963Z
961,500961,potosi,tomas frias,potosi,09,01001,03,05,09,51,103,2022-07-22T22:31:47.478Z
1980,501980,potosi,tomas frias,potosi,04,01001,03,01,04,51,103,2022-07-13T20:34:12.890Z
935,500935,potosi,tomas frias,potosi,05,01001,01,14,05,51,116,2022-07-01T19:58:50.097Z
1491,501491,potosi,tomas frias,potosi,09,01001,02,01,09,51,201,2022-07-23T15:08:09.277Z
247,500247,potosi,tomas frias,potosi,01,01001,02,14,01,51,52,2022-06-20T19:53:19.319Z
696,500696,potosi,tomas frias,potosi,05,01001,01,10,05,51,67,2022-07-01T19:58:35.769Z
4053,504053,potosi,antonio quijarro,porco,01,01005,01,07,01,51,67,2022-08-10T20:34:02.828Z
251,500251,potosi,tomas frias,potosi,01,01001,02,13,01,51,68,2022-07-20T19:53:58.706Z
1162,501162,potosi,tomas frias,potosi,02,01001,03,02,02,51,81,2022-07-26T12:52:51.697Z
3865,503865,potosi,tomas frias,potosi,01,03016,01,07,01,51,83,2022-08-04T21:29:13.170Z
2284,502284,potosi,tomas frias,potosi,12,01001,03,07,12,51,84,2022-07-13T13:20:29.331Z
2252,502252,potosi,tomas frias,potosi,12,01001,03,14,12,51,99,2022-07-26T14:45:43.748Z
1192,501192,potosi,tomas frias,potosi,01,01001,03,01,01,52,101,2022-07-22T18:39:00.772Z
829,500829,potosi,tomas frias,potosi,05,01001,02,03,05,52,121,2022-07-20T21:52:52.795Z
941,500941,potosi,tomas frias,potosi,05,01001,01,07,05,52,58,2022-07-01T19:58:59.517Z
3857,503857,potosi,tomas frias,potosi,01,03016,01,04,01,52,64,2022-08-04T21:59:18.225Z
5448,505448,potosi,tomas frias,yocalla,01,03045,01,01,01,52,81,2022-08-22T21:13:37.681Z
2265,502265,potosi,tomas frias,potosi,12,01001,02,07,12,52,86,2022-07-26T20:13:02.077Z
2129,502129,potosi,tomas frias,potosi,10,01001,01,17,10,52,88,2022-07-12T12:51:24.594Z
1297,501297,potosi,tomas frias,potosi,04,01001,01,15,04,52,93,2022-07-22T22:12:10.037Z
1320,501320,potosi,tomas frias,potosi,10,01001,03,11,10,52,94,2022-08-05T15:29:39.369Z
2291,502291,potosi,tomas frias,potosi,12,01001,03,06,12,53,105,2022-07-15T21:43:14.144Z
2263,502263,potosi,tomas frias,potosi,12,01001,02,13,12,53,108,2022-07-15T16:18:08.581Z
1933,501933,potosi,tomas frias,potosi,04,01001,03,07,04,53,118,2022-07-22T22:17:19.159Z
3632,503632,potosi,cornelio saavedra,betanzos,01,01001,02,05,01,53,124,2022-08-12T16:26:08.312Z
2278,502278,potosi,tomas frias,potosi,12,01001,02,09,12,53,148,2022-08-09T17:58:31.171Z
2118,502118,potosi,tomas frias,potosi,13,01001,02,11,13,53,177,2022-08-09T17:58:47.948Z
3860,503860,potosi,tomas frias,potosi,01,03016,01,05,01,53,51,2022-08-05T19:43:04.280Z
243,500243,potosi,tomas frias,potosi,01,01001,01,14,01,53,59,2022-07-20T21:57:45.172Z
884,500884,potosi,tomas frias,potosi,08,01001,03,05,08,53,67,2022-07-25T19:51:15.035Z
4086,504086,potosi,antonio quijarro,porco,01,01001,02,12,01,53,73,2022-08-09T20:25:26.995Z
943,500943,potosi,tomas frias,potosi,09,01001,03,10,09,53,76,2022-07-22T22:31:01.265Z
4596,504596,potosi,jose maria linarez,"caiza ""d""",01,03009,01,03,01,53,82,2022-08-16T21:17:06.367Z
1962,501962,potosi,tomas frias,potosi,04,01001,03,03,04,53,90,2022-08-09T18:34:54.418Z
2212,502212,potosi,tomas frias,potosi,10,01001,01,10,10,54,111,2022-07-13T20:39:52.625Z
3856,503856,potosi,tomas frias,potosi,01,03016,01,03,01,54,42,2022-08-05T21:16:50.282Z
340,500340,potosi,tomas frias,potosi,07,01001,02,04,07,54,61,2022-08-09T20:37:48.486Z
3835,503835,potosi,tomas frias,potosi,01,04016,01,10,01,54,66,2022-08-05T15:20:07.053Z
900,500900,potosi,tomas frias,potosi,11,01001,02,11,11,54,80,2022-07-21T21:29:19.018Z
386,500386,potosi,tomas frias,potosi,05,01001,06,06,05,54,82,2022-07-21T21:00:17.490Z
716,500716,potosi,tomas frias,potosi,06,01001,01,03,06,54,90,2022-06-07T16:43:39.086Z
330,500330,potosi,tomas frias,potosi,06,01001,03,07,06,54,97,2022-07-21T23:42:55.051Z
3676,503676,potosi,cornelio saavedra,betanzos,01,01001,03,12,01,55,100,2022-08-02T20:20:23.388Z
3828,503828,potosi,tomas frias,potosi,01,04016,01,09,01,55,102,2022-08-11T16:31:48.578Z
807,500807,potosi,tomas frias,potosi,05,01001,02,06,05,55,106,2022-07-20T21:52:39.043Z
1327,501327,potosi,tomas frias,potosi,10,01001,03,04,10,55,123,2022-07-26T21:12:43.234Z
6266,506266,potosi,tomas frias,potosi,01,03023,01,05,01,55,67,2022-09-11T01:23:15.058Z
646,500646,potosi,tomas frias,potosi,07,01001,02,01,07,55,69,2022-07-22T16:32:05.178Z
979,500979,potosi,tomas frias,potosi,09,01001,05,05,09,55,81,2022-06-29T21:41:24.458Z
944,500944,potosi,tomas frias,potosi,05,01001,01,09,05,55,87,2022-07-01T19:59:02.838Z
703,500703,potosi,tomas frias,potosi,09,01001,01,11,09,56,100,2022-07-26T21:43:42.066Z
1895,501895,potosi,tomas frias,potosi,04,01001,03,02,04,56,123,2022-07-22T22:37:41.143Z
1938,501938,potosi,tomas frias,potosi,08,01001,02,13,08,56,30,2022-08-12T14:51:05.059Z
6147,506147,potosi,tomas frias,yocalla,01,01032,01,03,01,56,51,2022-09-02T22:13:41.092Z
237,500237,potosi,tomas frias,potosi,01,01001,05,04,01,56,66,2022-07-23T14:38:54.108Z
674,500674,potosi,tomas frias,potosi,07,01001,01,01,07,56,73,2022-07-21T18:04:47.173Z
1524,501524,potosi,tomas frias,potosi,03,01001,01,10,03,56,75,2022-07-22T22:23:01.639Z
906,500906,potosi,tomas frias,potosi,08,01001,03,17,08,56,77,2022-07-25T19:51:24.717Z
705,500705,potosi,tomas frias,potosi,05,01001,06,14,05,56,92,2022-07-20T17:06:51.984Z
1220,501220,potosi,tomas frias,potosi,10,01001,04,08,10,57,102,2022-06-17T16:26:09.896Z
1468,501468,potosi,tomas frias,potosi,02,01001,03,11,02,57,105,2022-07-21T22:34:58.600Z
2343,502343,potosi,tomas frias,potosi,15,01001,02,12,15,57,128,2022-07-15T20:13:44.301Z
924,500924,potosi,tomas frias,potosi,07,01001,03,10,07,57,68,2022-07-22T16:33:00.859Z
685,500685,potosi,tomas frias,potosi,05,01001,02,12,05,57,69,2022-07-21T22:40:18.083Z
263,500263,potosi,tomas frias,potosi,01,01001,02,06,01,57,71,2022-07-20T19:55:34.536Z
1668,501668,potosi,tomas frias,potosi,10,01001,02,13,10,57,82,2022-07-08T22:58:27.395Z
2286,502286,potosi,tomas frias,potosi,12,01001,02,15,12,57,86,2022-07-13T21:32:41.343Z
1936,501936,potosi,tomas frias,potosi,08,01001,02,04,08,57,94,2022-07-26T21:39:45.972Z
907,500907,potosi,tomas frias,potosi,11,01001,02,02,11,57,95,2022-07-21T22:47:48.458Z
1027,501027,potosi,tomas frias,potosi,09,01001,04,04,09,58,104,2022-07-23T15:06:01.313Z
4081,504081,potosi,antonio quijarro,porco,01,01001,02,07,01,58,59,2022-08-10T20:35:15.707Z
618,500618,potosi,tomas frias,potosi,01,01001,02,03,01,58,61,2022-07-20T16:44:31.447Z
1569,501569,potosi,tomas frias,potosi,03,01001,01,16,03,58,69,2022-07-08T22:14:40.355Z
342,500342,potosi,tomas frias,potosi,07,01001,02,02,07,58,75,2022-07-21T22:33:22.561Z
1312,501312,potosi,tomas frias,potosi,04,01001,01,03,04,58,76,2022-07-22T22:12:18.866Z
1882,501882,potosi,tomas frias,potosi,08,01001,02,02,08,58,77,2022-07-01T21:15:50.829Z
4901,504901,potosi,jose maria linarez,puna,01,08022,01,01,01,58,79,2022-08-15T20:43:20.534Z
1348,501348,potosi,tomas frias,potosi,13,01001,02,16,13,58,93,2022-07-26T23:27:16.869Z
1967,501967,potosi,tomas frias,potosi,08,01001,01,04,08,59,101,2022-07-26T19:10:46.537Z
954,500954,potosi,tomas frias,potosi,09,01001,03,02,09,59,119,2022-07-22T22:31:24.311Z
277,500277,potosi,tomas frias,potosi,06,01001,01,15,06,59,146,2022-07-26T21:11:06.214Z
1650,501650,potosi,tomas frias,potosi,14,01001,01,11,14,59,154,2022-07-21T22:38:58.282Z
1195,501195,potosi,tomas frias,potosi,01,01001,04,05,01,59,163,2022-07-23T14:39:15.954Z
2127,502127,potosi,tomas frias,potosi,10,01001,01,14,10,59,177,2022-07-08T12:47:39.560Z
3838,503838,potosi,tomas frias,potosi,01,04016,01,11,01,59,18,2022-08-26T15:27:09.813Z
853,500853,potosi,tomas frias,potosi,08,01001,03,06,08,59,71,2022-07-26T22:37:15.875Z
976,500976,potosi,tomas frias,potosi,09,01001,05,09,09,59,77,2022-07-13T18:53:17.500Z
6154,506154,potosi,tomas frias,yocalla,00,00000,00,09,00,59,82,2022-09-08T18:55:19.761Z
694,500694,potosi,tomas frias,potosi,05,01001,01,11,05,59,91,2022-07-26T13:46:18.583Z
3705,503705,potosi,cornelio saavedra,betanzos,01,01001,01,14,01,59,94,2022-08-03T23:04:37.833Z
2016,502016,potosi,tomas frias,potosi,04,01001,02,15,04,59,96,2022-07-22T22:06:16.276Z
4047,504047,potosi,antonio quijarro,porco,01,03001,01,01,01,59,96,2022-08-09T20:22:22.801Z
1318,501318,potosi,tomas frias,potosi,09,01001,03,12,09,59,98,2022-06-13T23:27:57.743Z
6168,506168,potosi,tomas frias,tinguipaya,00,00000,00,20,00,595,629,2022-09-09T19:43:42.121Z
6143,506143,potosi,tomas frias,yocalla,50,02006,01,04,50,6,30,2022-09-02T20:50:40.537Z
1161,501161,potosi,tomas frias,potosi,02,01001,03,01,02,60,103,2022-08-12T15:14:56.533Z
1656,501656,potosi,tomas frias,potosi,13,01001,02,05,13,60,109,2022-07-11T22:15:05.594Z
612,500612,potosi,tomas frias,potosi,01,01001,03,11,01,60,110,2022-07-22T00:42:55.085Z
2125,502125,potosi,tomas frias,potosi,10,01001,04,16,10,60,111,2022-07-13T18:52:14.318Z
307,500307,potosi,tomas frias,potosi,06,01001,02,07,06,60,115,2022-07-26T21:38:55.269Z
1647,501647,potosi,tomas frias,potosi,10,01001,03,01,10,60,140,2022-07-26T21:13:47.512Z
6155,506155,potosi,tomas frias,urmiri,01,01009,01,01,01,60,29,2022-09-21T03:04:44.515Z
1154,501154,potosi,tomas frias,potosi,02,01001,02,15,02,60,69,2022-07-21T22:38:51.604Z
4881,504881,potosi,jose maria linarez,puna,01,01019,01,01,01,60,70,2022-08-16T17:46:59.465Z
2222,502222,potosi,tomas frias,potosi,08,01001,01,03,08,60,75,2022-07-26T23:23:52.427Z
338,500338,potosi,tomas frias,potosi,07,01001,02,09,07,60,79,2022-07-26T23:17:48.290Z
1018,501018,potosi,tomas frias,potosi,09,01001,04,06,09,60,86,2022-07-23T15:05:56.342Z
686,500686,potosi,tomas frias,potosi,05,01001,02,09,05,60,90,2022-07-20T21:52:31.699Z
975,500975,potosi,tomas frias,potosi,05,01001,01,03,05,60,97,2022-07-02T01:15:41.794Z
2237,502237,potosi,tomas frias,potosi,08,01001,01,07,08,60,98,2022-07-25T20:06:05.770Z
997,500997,potosi,tomas frias,potosi,09,01001,04,14,09,60,99,2022-06-08T18:39:06.432Z
850,500850,potosi,tomas frias,potosi,09,01001,01,05,09,61,107,2022-07-22T22:23:35.239Z
2122,502122,potosi,tomas frias,potosi,10,01001,01,11,10,61,154,2022-07-23T00:48:57.408Z
1183,501183,potosi,tomas frias,potosi,09,01001,02,14,09,61,161,2022-07-23T15:06:20.800Z
6213,506213,potosi,tomas frias,tinguipaya,00,00000,00,03,00,61,304,2022-09-16T19:27:46.842Z
6268,506268,potosi,tomas frias,potosi,01,03023,01,06,01,61,47,2022-09-11T00:22:47.602Z
353,500353,potosi,tomas frias,potosi,05,01001,03,13,05,61,70,2022-07-20T21:52:06.942Z
273,500273,potosi,tomas frias,potosi,01,01001,05,16,01,61,74,2022-05-31T00:10:51.132Z
1879,501879,potosi,tomas frias,potosi,08,01001,02,17,08,61,75,2022-07-14T22:10:25.677Z
1657,501657,potosi,tomas frias,potosi,13,01001,02,06,13,61,79,2022-07-26T23:29:08.931Z
4098,504098,potosi,antonio quijarro,porco,01,01005,02,07,01,61,79,2022-08-09T20:48:54.837Z
390,500390,potosi,tomas frias,potosi,05,01001,06,11,05,61,80,2022-07-21T21:00:27.162Z
1990,501990,potosi,tomas frias,potosi,04,01001,02,11,04,61,84,2022-07-22T21:46:02.461Z
367,500367,potosi,tomas frias,potosi,05,01001,04,08,05,61,87,2022-07-13T17:48:14.951Z
335,500335,potosi,tomas frias,potosi,07,01001,02,08,07,61,91,2022-07-21T22:32:39.418Z
1897,501897,potosi,tomas frias,potosi,04,01001,01,06,04,61,95,2022-07-22T22:37:43.052Z
1901,501901,potosi,tomas frias,potosi,08,01001,02,10,08,62,103,2022-07-22T22:29:47.225Z
1635,501635,potosi,tomas frias,potosi,10,01001,03,09,10,62,106,2022-07-26T16:15:59.800Z
1361,501361,potosi,tomas frias,potosi,11,01001,01,09,11,62,109,2022-07-21T22:48:15.816Z
1323,501323,potosi,tomas frias,potosi,10,01001,03,06,10,62,111,2022-07-26T21:12:38.959Z
611,500611,potosi,tomas frias,potosi,01,01001,05,01,01,62,112,2022-07-23T14:39:04.635Z
2280,502280,potosi,tomas frias,potosi,12,01001,02,04,12,62,160,2022-08-09T17:58:34.705Z
4078,504078,potosi,antonio quijarro,porco,01,01001,02,06,01,62,29,2022-08-10T00:17:03.158Z
579,500579,potosi,tomas frias,potosi,02,01001,02,10,02,62,68,2022-06-04T21:21:23.080Z
577,500577,potosi,tomas frias,potosi,01,01001,01,03,01,62,73,2022-06-30T16:25:22.287Z
5444,505444,potosi,cornelio saavedra,chaqui,01,01011,01,01,01,62,78,2022-08-24T12:52:37.909Z
672,500672,potosi,tomas frias,potosi,07,01001,01,02,07,62,86,2022-07-21T18:04:40.887Z
1673,501673,potosi,tomas frias,potosi,10,01001,02,15,10,62,87,2022-07-26T14:13:47.703Z
689,500689,potosi,tomas frias,potosi,05,01001,02,16,05,62,90,2022-07-21T22:40:22.812Z
1471,501471,potosi,tomas frias,potosi,02,01001,03,16,02,62,93,2022-07-22T20:38:11.916Z
2242,502242,potosi,tomas frias,potosi,12,01001,04,04,12,62,97,2022-07-28T13:40:25.911Z
4041,504041,potosi,antonio quijarro,porco,01,01005,01,17,01,63,108,2022-08-10T20:21:41.397Z
930,500930,potosi,tomas frias,potosi,07,01001,03,11,07,63,110,2022-07-22T16:33:17.610Z
2277,502277,potosi,tomas frias,potosi,12,01001,03,04,12,63,116,2022-07-23T00:49:23.633Z
1214,501214,potosi,tomas frias,potosi,09,01001,05,02,09,63,117,2022-07-23T00:22:12.471Z
764,500764,potosi,tomas frias,potosi,01,01001,03,15,01,63,118,2022-07-22T18:38:24.451Z
1022,501022,potosi,tomas frias,potosi,09,01001,04,05,09,63,123,2022-06-10T13:02:11.453Z
1536,501536,potosi,tomas frias,potosi,08,01001,04,13,08,63,128,2022-07-25T19:52:08.170Z
2194,502194,potosi,tomas frias,potosi,13,01001,01,15,13,63,135,2022-08-12T16:33:41.020Z
2267,502267,potosi,tomas frias,potosi,12,01001,01,09,12,63,140,2022-07-26T20:13:05.031Z
347,500347,potosi,tomas frias,potosi,07,01001,01,12,07,63,90,2022-07-21T18:04:29.347Z
1975,501975,potosi,tomas frias,potosi,08,01001,01,14,08,63,96,2022-07-23T15:57:38.506Z
951,500951,potosi,tomas frias,potosi,09,01001,03,03,09,64,106,2022-07-22T22:31:21.311Z
854,500854,potosi,tomas frias,potosi,09,01001,01,04,09,64,110,2022-07-08T22:23:42.551Z
3658,503658,potosi,cornelio saavedra,betanzos,01,01001,01,15,01,64,114,2022-08-01T22:30:27.725Z
958,500958,potosi,tomas frias,potosi,09,01001,05,10,09,64,116,2022-07-22T22:41:10.171Z
312,500312,potosi,tomas frias,potosi,06,01001,02,09,06,64,117,2022-07-22T21:00:03.731Z
2120,502120,potosi,tomas frias,potosi,10,01001,04,13,10,64,126,2022-07-23T00:48:54.976Z
1481,501481,potosi,tomas frias,potosi,09,01001,02,10,09,64,174,2022-07-23T15:07:49.226Z
1659,501659,potosi,tomas frias,potosi,13,01001,02,04,13,64,180,2022-07-26T23:33:16.934Z
360,500360,potosi,tomas frias,potosi,05,01001,03,08,05,64,71,2022-07-21T22:40:12.398Z
670,500670,potosi,tomas frias,potosi,07,01001,03,08,07,64,76,2022-07-22T16:32:56.341Z
669,500669,potosi,tomas frias,potosi,07,01001,03,09,07,64,80,2022-07-22T16:32:38.815Z
988,500988,potosi,tomas frias,potosi,09,01001,04,16,09,64,88,2022-06-07T21:10:17.735Z
1884,501884,potosi,tomas frias,potosi,04,01001,02,16,04,64,93,2022-06-29T12:33:37.180Z
2115,502115,potosi,tomas frias,potosi,10,01001,01,13,10,64,96,2022-07-26T18:33:26.957Z
937,500937,potosi,tomas frias,potosi,07,01001,03,03,07,65,103,2022-07-22T16:33:44.675Z
5408,505408,potosi,cornelio saavedra,chaqui,01,01010,01,06,01,65,104,2022-08-26T20:32:05.921Z
6148,506148,potosi,tomas frias,yocalla,01,01032,01,04,01,65,105,2022-09-02T22:27:38.012Z
1176,501176,potosi,tomas frias,potosi,09,01001,02,15,09,65,109,2022-07-26T16:04:36.124Z
2249,502249,potosi,tomas frias,potosi,12,01001,04,01,12,65,110,2022-07-26T17:39:02.194Z
3654,503654,potosi,cornelio saavedra,betanzos,01,01001,03,02,01,65,112,2022-08-01T20:45:59.216Z
2112,502112,potosi,tomas frias,potosi,10,01001,04,12,10,65,117,2022-07-06T21:36:22.704Z
2293,502293,potosi,tomas frias,potosi,12,01001,03,05,12,65,118,2022-07-15T21:43:17.443Z
949,500949,potosi,tomas frias,potosi,05,01001,01,08,05,65,119,2022-07-01T19:59:08.446Z
1906,501906,potosi,tomas frias,potosi,08,01001,02,05,08,65,126,2022-07-04T20:48:00.471Z
2126,502126,potosi,tomas frias,potosi,10,01001,04,18,10,65,132,2022-07-08T12:47:05.625Z
1704,501704,potosi,tomas frias,potosi,01,01001,04,09,01,65,161,2022-07-20T22:23:29.978Z
1900,501900,potosi,tomas frias,potosi,08,01001,02,09,08,65,183,2022-07-28T18:07:52.233Z
609,500609,potosi,tomas frias,potosi,01,01001,05,13,01,65,80,2022-07-23T14:39:01.489Z
1074,501074,potosi,tomas frias,potosi,02,01001,02,19,02,65,82,2022-06-11T13:26:18.874Z
950,500950,potosi,tomas frias,potosi,09,01001,05,11,09,65,83,2022-06-09T16:38:53.756Z
1152,501152,potosi,tomas frias,potosi,02,01001,02,06,02,65,90,2022-07-04T20:51:25.735Z
1696,501696,potosi,tomas frias,potosi,11,01001,01,11,11,66,100,2022-07-21T22:49:39.987Z
891,500891,potosi,tomas frias,potosi,11,01001,02,04,11,66,101,2022-07-21T21:29:49.520Z
852,500852,potosi,tomas frias,potosi,09,01001,01,06,09,66,104,2022-06-17T13:48:41.495Z
2166,502166,potosi,tomas frias,potosi,13,01001,01,18,13,66,124,2022-08-09T20:41:00.267Z
969,500969,potosi,tomas frias,potosi,09,01001,05,08,09,66,128,2022-07-22T22:41:15.676Z
1366,501366,potosi,tomas frias,potosi,11,01001,01,02,11,66,128,2022-07-21T22:49:08.739Z
1356,501356,potosi,tomas frias,potosi,10,01001,02,05,10,66,142,2022-07-26T14:55:15.055Z
2244,502244,potosi,tomas frias,potosi,10,01001,01,01,10,66,310,2022-07-13T15:54:24.584Z
5404,505404,potosi,tomas frias,yocalla,01,03001,01,02,01,66,45,2022-08-23T21:58:08.183Z
4911,504911,potosi,jose maria linarez,puna,01,05017,01,02,01,66,56,2022-08-16T21:03:33.094Z
1302,501302,potosi,tomas frias,potosi,04,01001,01,11,04,66,80,2022-07-22T21:58:26.812Z
257,500257,potosi,tomas frias,potosi,01,01001,02,10,01,66,82,2022-07-20T19:54:16.915Z
5435,505435,potosi,tomas frias,yocalla,01,03001,01,06,01,66,86,2022-08-23T19:45:51.850Z
1969,501969,potosi,tomas frias,potosi,04,01001,02,06,04,66,93,2022-07-22T22:35:00.522Z
343,500343,potosi,tomas frias,potosi,07,01001,01,14,07,67,104,2022-07-21T18:04:14.549Z
2128,502128,potosi,tomas frias,potosi,10,01001,01,16,10,67,110,2022-07-12T12:51:21.075Z
1686,501686,potosi,tomas frias,potosi,11,01001,01,04,11,67,112,2022-07-12T12:42:21.480Z
2326,502326,potosi,tomas frias,potosi,15,01001,01,14,15,67,113,2022-07-14T19:56:12.379Z
2243,502243,potosi,tomas frias,potosi,12,01001,04,03,12,67,114,2022-07-12T13:04:28.327Z
1243,501243,potosi,tomas frias,potosi,02,01001,01,10,02,67,118,2022-07-21T21:34:26.400Z
1662,501662,potosi,tomas frias,potosi,10,01001,02,03,10,67,134,2022-07-26T21:40:26.814Z
1464,501464,potosi,tomas frias,potosi,02,01001,03,12,02,67,142,2022-07-22T23:05:39.985Z
1645,501645,potosi,tomas frias,potosi,10,01001,03,18,10,67,144,2022-07-26T16:17:42.005Z
844,500844,potosi,tomas frias,potosi,09,01001,01,13,09,67,84,2022-07-08T22:23:15.531Z
1526,501526,potosi,tomas frias,potosi,03,01001,01,12,03,67,84,2022-07-22T22:23:06.705Z
2328,502328,potosi,tomas frias,potosi,15,01001,01,08,15,67,95,2022-07-26T22:08:13.999Z
2227,502227,potosi,tomas frias,potosi,08,01001,01,06,08,68,100,2022-07-11T22:15:50.158Z
1226,501226,potosi,tomas frias,potosi,10,01001,04,06,10,68,103,2022-06-17T16:26:38.511Z
1688,501688,potosi,tomas frias,potosi,11,01001,01,12,11,68,104,2022-07-21T22:49:27.096Z
1321,501321,potosi,tomas frias,potosi,10,01001,03,13,10,68,105,2022-07-26T18:16:35.606Z
1280,501280,potosi,tomas frias,potosi,08,01001,04,06,08,68,106,2022-07-25T19:51:47.664Z
1663,501663,potosi,tomas frias,potosi,10,01001,02,02,10,68,110,2022-07-26T14:13:17.779Z
1684,501684,potosi,tomas frias,potosi,11,01001,01,14,11,68,111,2022-07-21T22:49:18.124Z
2287,502287,potosi,tomas frias,potosi,12,01001,02,16,12,68,113,2022-07-13T21:32:47.364Z
1693,501693,potosi,tomas frias,potosi,11,01001,01,16,11,68,114,2022-07-12T12:42:35.235Z
701,500701,potosi,tomas frias,potosi,05,01001,05,13,05,68,116,2022-07-20T21:05:46.452Z
1365,501365,potosi,tomas frias,potosi,11,01001,01,03,11,68,116,2022-07-21T22:49:02.195Z
1479,501479,potosi,tomas frias,potosi,02,01001,03,05,02,68,120,2022-07-22T20:38:30.667Z
2114,502114,potosi,tomas frias,potosi,10,01001,01,12,10,68,122,2022-07-26T18:33:31.077Z
616,500616,potosi,tomas frias,potosi,01,01001,02,02,01,68,131,2022-07-20T19:45:47.329Z
2294,502294,potosi,tomas frias,potosi,12,01001,03,13,12,68,132,2022-07-26T20:50:05.185Z
1352,501352,potosi,tomas frias,potosi,09,01001,01,03,09,68,141,2022-07-22T22:58:42.963Z
1952,501952,potosi,tomas frias,potosi,04,01001,02,01,04,68,73,2022-07-22T21:58:49.773Z
297,500297,potosi,tomas frias,potosi,01,01001,01,11,01,68,75,2022-07-20T21:57:49.829Z
667,500667,potosi,tomas frias,potosi,07,01001,03,01,07,68,77,2022-07-22T16:32:32.829Z
574,500574,potosi,tomas frias,potosi,01,01001,01,01,01,68,78,2022-06-18T19:50:58.848Z
602,500602,potosi,tomas frias,potosi,06,01001,02,02,06,68,80,2022-08-19T15:15:21.543Z
254,500254,potosi,tomas frias,potosi,01,01001,02,11,01,68,81,2022-07-20T19:54:11.955Z
622,500622,potosi,tomas frias,potosi,02,01001,01,02,02,68,86,2022-07-21T21:34:03.181Z
1904,501904,potosi,tomas frias,potosi,04,01001,01,07,04,68,90,2022-07-08T23:00:22.501Z
890,500890,potosi,tomas frias,potosi,08,01001,03,15,08,68,92,2022-07-25T19:51:17.019Z
350,500350,potosi,tomas frias,potosi,07,01001,01,08,07,68,94,2022-07-21T18:04:33.071Z
923,500923,potosi,tomas frias,potosi,05,01001,01,16,05,68,95,2022-08-12T19:52:12.347Z
358,500358,potosi,tomas frias,potosi,05,01001,03,16,05,68,97,2022-07-03T14:42:20.095Z
6813,506813,potosi,tomas frias,potosi,00,00000,00,14,00,688,595,2022-09-17T22:19:10.595Z
1986,501986,potosi,tomas frias,potosi,08,01001,01,05,08,69,100,2022-07-01T21:17:47.095Z
573,500573,potosi,tomas frias,potosi,01,01001,01,06,01,69,105,2022-07-20T21:58:03.287Z
671,500671,potosi,tomas frias,potosi,07,01001,01,06,07,69,108,2022-07-21T18:04:38.504Z
1546,501546,potosi,tomas frias,potosi,08,01001,04,11,08,69,108,2022-07-25T19:52:16.914Z
4087,504087,potosi,antonio quijarro,porco,01,01001,02,11,01,69,109,2022-08-10T20:34:55.720Z
2292,502292,potosi,tomas frias,potosi,12,01001,03,12,12,69,114,2022-07-12T20:50:00.554Z
1580,501580,potosi,tomas frias,potosi,02,01001,03,18,02,69,116,2022-07-22T21:26:21.401Z
931,500931,potosi,tomas frias,potosi,07,01001,03,12,07,69,119,2022-07-26T15:46:17.519Z
2172,502172,potosi,tomas frias,potosi,10,01001,01,03,10,69,144,2022-07-25T20:05:52.307Z
2190,502190,potosi,tomas frias,potosi,10,01001,01,04,10,69,201,2022-07-26T21:13:51.977Z
702,500702,potosi,tomas frias,potosi,09,01001,01,15,09,69,76,2022-07-26T21:43:40.074Z
334,500334,potosi,tomas frias,potosi,07,01001,02,07,07,69,82,2022-08-09T18:39:42.519Z
3659,503659,potosi,cornelio saavedra,betanzos,01,01001,01,16,01,69,90,2022-08-02T20:25:27.589Z
346,500346,potosi,tomas frias,potosi,07,01001,01,11,07,69,91,2022-07-21T18:04:26.969Z
1354,501354,potosi,tomas frias,potosi,09,01001,01,01,09,7,51,2022-07-08T22:23:57.992Z
3694,503694,potosi,cornelio saavedra,betanzos,01,01001,03,05,01,7,67,2022-08-02T21:08:12.888Z
1156,501156,potosi,tomas frias,potosi,02,01001,03,14,02,70,105,2022-06-16T17:24:48.737Z
1007,501007,potosi,tomas frias,potosi,09,01001,04,13,09,70,125,2022-07-23T15:05:45.374Z
265,500265,potosi,tomas frias,potosi,01,01001,05,05,01,70,135,2022-07-22T18:38:05.909Z
896,500896,potosi,tomas frias,potosi,11,01001,02,03,11,70,145,2022-07-21T22:47:35.393Z
1637,501637,potosi,tomas frias,potosi,10,01001,03,08,10,70,145,2022-07-26T16:16:02.133Z
1191,501191,potosi,tomas frias,potosi,01,01001,03,09,01,70,161,2022-07-23T15:53:48.145Z
1351,501351,potosi,tomas frias,potosi,09,01001,01,10,09,70,164,2022-07-22T22:58:40.308Z
359,500359,potosi,tomas frias,potosi,05,01001,03,07,05,70,74,2022-07-13T20:34:46.778Z
370,500370,potosi,tomas frias,potosi,05,01001,04,04,05,70,77,2022-07-01T19:57:52.642Z
352,500352,potosi,tomas frias,potosi,05,01001,03,12,05,70,79,2022-07-03T14:43:59.443Z
679,500679,potosi,tomas frias,potosi,05,01001,03,04,05,70,81,2022-07-20T21:52:21.020Z
1069,501069,potosi,tomas frias,potosi,02,01001,02,18,02,70,85,2022-06-29T20:56:26.363Z
687,500687,potosi,tomas frias,potosi,05,01001,02,08,05,70,87,2022-07-13T20:35:10.302Z
991,500991,potosi,tomas frias,potosi,09,01001,04,15,09,70,88,2022-07-23T15:05:27.223Z
319,500319,potosi,tomas frias,potosi,06,01001,03,13,06,70,94,2022-07-26T22:40:27.674Z
607,500607,potosi,tomas frias,potosi,01,01001,05,14,01,71,102,2022-06-06T19:28:19.685Z
2113,502113,potosi,tomas frias,potosi,10,01001,04,11,10,71,105,2022-07-14T22:14:06.452Z
388,500388,potosi,tomas frias,potosi,05,01001,06,08,05,71,108,2022-07-20T17:06:46.409Z
1151,501151,potosi,tomas frias,potosi,02,01001,02,16,02,71,111,2022-07-22T20:37:56.725Z
1690,501690,potosi,tomas frias,potosi,11,01001,01,15,11,71,113,2022-07-21T22:49:34.232Z
1643,501643,potosi,tomas frias,potosi,10,01001,03,17,10,71,114,2022-07-26T21:12:51.038Z
1046,501046,potosi,tomas frias,potosi,02,01001,02,05,02,71,122,2022-06-07T20:54:38.432Z
2336,502336,potosi,tomas frias,potosi,15,01001,01,07,15,71,122,2022-07-12T20:59:04.959Z
1485,501485,potosi,tomas frias,potosi,09,01001,02,05,09,71,124,2022-07-23T15:08:03.771Z
3706,503706,potosi,cornelio saavedra,betanzos,01,01001,02,11,01,71,127,2022-08-02T20:40:50.298Z
957,500957,potosi,tomas frias,potosi,09,01001,03,01,09,71,130,2022-07-22T22:31:43.461Z
1902,501902,potosi,tomas frias,potosi,08,01001,02,11,08,71,130,2022-07-22T22:30:04.058Z
327,500327,potosi,tomas frias,potosi,06,01001,03,09,06,71,143,2022-07-27T16:20:45.300Z
2264,502264,potosi,tomas frias,potosi,12,01001,02,12,12,71,145,2022-07-26T19:19:10.938Z
375,500375,potosi,tomas frias,potosi,05,01001,05,05,05,71,150,2022-07-20T21:05:33.092Z
1353,501353,potosi,tomas frias,potosi,09,01001,01,02,09,71,176,2022-07-26T21:43:50.157Z
362,500362,potosi,tomas frias,potosi,05,01001,03,03,05,71,76,2022-07-14T19:45:09.467Z
688,500688,potosi,tomas frias,potosi,05,01001,02,15,05,71,82,2022-07-12T02:21:27.213Z
1244,501244,potosi,tomas frias,potosi,02,01001,01,19,02,71,88,2022-07-21T21:34:28.209Z
684,500684,potosi,tomas frias,potosi,05,01001,02,10,05,71,91,2022-07-13T20:35:03.222Z
4097,504097,potosi,antonio quijarro,porco,01,01005,02,08,01,71,96,2022-08-09T20:57:21.711Z
2245,502245,potosi,tomas frias,potosi,12,01001,04,02,12,71,98,2022-07-15T21:15:05.381Z
323,500323,potosi,tomas frias,potosi,06,01001,03,16,06,72,102,2022-07-26T22:40:33.506Z
677,500677,potosi,tomas frias,potosi,09,01001,03,15,09,72,104,2022-07-22T22:32:43.223Z
1529,501529,potosi,tomas frias,potosi,03,01001,01,13,03,72,105,2022-07-22T22:23:11.865Z
1881,501881,potosi,tomas frias,potosi,08,01001,02,01,08,72,105,2022-07-23T13:57:12.832Z
2276,502276,potosi,tomas frias,potosi,12,01001,03,03,12,72,105,2022-07-26T18:38:43.209Z
2233,502233,potosi,tomas frias,potosi,12,01001,04,12,12,72,109,2022-07-08T12:46:17.869Z
615,500615,potosi,tomas frias,potosi,01,01001,02,07,01,72,115,2022-07-20T19:45:45.609Z
1554,501554,potosi,tomas frias,potosi,08,01001,04,02,08,72,119,2022-07-02T14:36:21.880Z
934,500934,potosi,tomas frias,potosi,07,01001,03,14,07,72,126,2022-07-22T16:33:35.599Z
2238,502238,potosi,tomas frias,potosi,12,01001,04,14,12,72,127,2022-07-26T16:29:50.468Z
790,500790,potosi,tomas frias,potosi,01,01001,03,10,01,72,132,2022-07-23T14:39:09.069Z
2281,502281,potosi,tomas frias,potosi,12,01001,02,08,12,72,137,2022-07-26T18:38:49.981Z
754,500754,potosi,tomas frias,potosi,01,01001,03,14,01,72,182,2022-07-22T00:43:01.126Z
708,500708,potosi,tomas frias,potosi,11,01001,02,14,11,72,76,2022-07-21T21:24:28.930Z
633,500633,potosi,tomas frias,potosi,06,01001,03,01,06,72,83,2022-07-02T14:30:19.674Z
1041,501041,potosi,tomas frias,potosi,02,01001,02,04,02,72,85,2022-06-07T20:54:33.583Z
1632,501632,potosi,tomas frias,potosi,10,01001,03,02,10,72,97,2022-07-26T21:12:47.633Z
1970,501970,potosi,tomas frias,potosi,04,01001,02,10,04,72,97,2022-07-23T15:57:28.570Z
2217,502217,potosi,tomas frias,potosi,12,01001,04,08,12,73,105,2022-08-12T21:30:28.891Z
2269,502269,potosi,tomas frias,potosi,12,01001,03,08,12,73,107,2022-07-26T20:28:13.022Z
1940,501940,potosi,tomas frias,potosi,04,01001,02,03,04,73,109,2022-06-28T13:22:16.677Z
1521,501521,potosi,tomas frias,potosi,03,01001,01,04,03,73,110,2022-07-22T22:22:54.601Z
2266,502266,potosi,tomas frias,potosi,12,01001,02,06,12,73,114,2022-07-26T19:19:12.835Z
1163,501163,potosi,tomas frias,potosi,02,01001,03,03,02,73,154,2022-07-25T20:15:38.289Z
714,500714,potosi,tomas frias,potosi,06,01001,01,01,06,73,186,2022-07-21T23:19:34.276Z
381,500381,potosi,tomas frias,potosi,05,01001,06,02,05,73,78,2022-07-20T20:43:42.336Z
1308,501308,potosi,tomas frias,potosi,04,01001,01,01,04,73,88,2022-07-22T21:58:41.518Z
354,500354,potosi,tomas frias,potosi,05,01001,03,10,05,74,102,2022-07-03T14:41:42.122Z
801,500801,potosi,tomas frias,potosi,05,01001,02,07,05,74,104,2022-07-20T21:52:36.507Z
3647,503647,potosi,cornelio saavedra,betanzos,01,01001,01,11,01,74,107,2022-08-03T20:38:10.223Z
1000,501000,potosi,tomas frias,potosi,09,01001,04,11,09,74,110,2022-07-01T21:07:50.013Z
693,500693,potosi,tomas frias,potosi,05,01001,04,02,05,74,111,2022-07-01T19:58:14.656Z
894,500894,potosi,tomas frias,potosi,11,01001,02,08,11,74,121,2022-07-21T21:29:27.925Z
5399,505399,potosi,tomas frias,yocalla,01,03045,01,02,01,74,121,2022-08-23T20:44:29.327Z
1669,501669,potosi,tomas frias,potosi,10,01001,02,12,10,74,122,2022-07-26T14:54:53.053Z
1523,501523,potosi,tomas frias,potosi,03,01001,01,09,03,74,124,2022-07-22T22:22:59.575Z
614,500614,potosi,tomas frias,potosi,01,01001,03,13,01,74,126,2022-07-22T00:42:59.435Z
718,500718,potosi,tomas frias,potosi,06,01001,01,11,06,74,137,2022-07-21T23:19:52.587Z
1503,501503,potosi,tomas frias,potosi,01,01001,04,03,01,74,138,2022-07-23T14:39:24.246Z
2271,502271,potosi,tomas frias,potosi,12,01001,02,10,12,74,148,2022-07-26T14:44:04.798Z
326,500326,potosi,tomas frias,potosi,06,01001,03,10,06,74,151,2022-07-26T22:40:38.140Z
1484,501484,potosi,tomas frias,potosi,09,01001,02,06,09,74,168,2022-07-23T15:08:00.915Z
2251,502251,potosi,tomas frias,potosi,12,01001,03,01,12,74,185,2022-07-26T17:39:14.194Z
6262,506262,potosi,tomas frias,potosi,01,03023,01,02,01,74,67,2022-09-11T00:13:58.590Z
300,500300,potosi,tomas frias,potosi,01,01001,01,08,01,74,79,2022-07-20T21:57:55.636Z
249,500249,potosi,tomas frias,potosi,01,01001,02,16,01,74,81,2022-07-20T19:53:55.712Z
351,500351,potosi,tomas frias,potosi,07,01001,01,07,07,74,90,2022-07-21T18:04:35.107Z
1305,501305,potosi,tomas frias,potosi,04,01001,01,09,04,74,91,2022-07-26T14:52:08.298Z
345,500345,potosi,tomas frias,potosi,07,01001,01,09,07,74,94,2022-07-21T18:04:21.038Z
617,500617,potosi,tomas frias,potosi,01,01001,02,04,01,74,98,2022-07-20T19:45:49.663Z
673,500673,potosi,tomas frias,potosi,07,01001,01,03,07,74,98,2022-07-21T18:04:43.030Z
255,500255,potosi,tomas frias,potosi,01,01001,02,08,01,74,99,2022-07-20T19:54:15.072Z
877,500877,potosi,tomas frias,potosi,08,01001,03,07,08,75,100,2022-07-25T19:51:10.424Z
1229,501229,potosi,tomas frias,potosi,10,01001,04,05,10,75,105,2022-06-20T12:59:42.619Z
2261,502261,potosi,tomas frias,potosi,12,01001,03,09,12,75,112,2022-07-14T21:24:13.664Z
1197,501197,potosi,tomas frias,potosi,01,01001,04,04,01,75,115,2022-07-22T18:39:10.501Z
1671,501671,potosi,tomas frias,potosi,10,01001,02,14,10,75,124,2022-07-08T22:58:29.558Z
2270,502270,potosi,tomas frias,potosi,12,01001,03,02,12,75,125,2022-07-26T14:44:26.204Z
1518,501518,potosi,tomas frias,potosi,01,01001,04,16,01,75,139,2022-07-08T22:59:46.929Z
1638,501638,potosi,tomas frias,potosi,10,01001,03,14,10,75,148,2022-07-26T16:16:04.888Z
1666,501666,potosi,tomas frias,potosi,10,01001,02,11,10,75,152,2022-07-26T14:13:36.050Z
2302,502302,potosi,tomas frias,potosi,12,01001,01,07,12,75,291,2022-08-12T19:47:57.019Z
636,500636,potosi,tomas frias,potosi,08,01001,03,04,08,75,78,2022-07-25T19:50:56.834Z
647,500647,potosi,tomas frias,potosi,07,01001,02,11,07,75,84,2022-07-22T16:31:34.361Z
336,500336,potosi,tomas frias,potosi,07,01001,02,14,07,75,93,2022-07-21T22:32:42.771Z
344,500344,potosi,tomas frias,potosi,07,01001,01,10,07,75,96,2022-07-21T18:04:18.247Z
348,500348,potosi,tomas frias,potosi,07,01001,01,13,07,76,105,2022-06-03T19:12:43.374Z
983,500983,potosi,tomas frias,potosi,09,01001,05,03,09,76,114,2022-07-23T00:21:54.077Z
325,500325,potosi,tomas frias,potosi,06,01001,03,11,06,76,118,2022-07-21T23:42:41.462Z
2210,502210,potosi,tomas frias,potosi,10,01001,01,09,10,76,126,2022-07-26T18:19:35.189Z
267,500267,potosi,tomas frias,potosi,01,01001,05,06,01,76,134,2022-07-22T00:42:37.722Z
1012,501012,potosi,tomas frias,potosi,09,01001,04,12,09,76,134,2022-07-23T15:05:49.057Z
378,500378,potosi,tomas frias,potosi,05,01001,05,12,05,76,146,2022-08-19T16:01:44.225Z
707,500707,potosi,tomas frias,potosi,11,01001,02,16,11,76,155,2022-07-21T21:24:20.172Z
1905,501905,potosi,tomas frias,potosi,04,01001,03,05,04,76,165,2022-06-29T21:25:51.953Z
3702,503702,potosi,cornelio saavedra,betanzos,01,01001,01,12,01,76,80,2022-08-03T14:21:17.797Z
849,500849,potosi,tomas frias,potosi,02,01001,01,05,02,76,92,2022-06-10T20:14:30.651Z
698,500698,potosi,tomas frias,potosi,05,01001,05,15,05,77,100,2022-06-04T15:59:02.312Z
605,500605,potosi,tomas frias,potosi,09,01001,04,09,09,77,104,2022-07-23T16:51:35.136Z
929,500929,potosi,tomas frias,potosi,07,01001,03,06,07,77,104,2022-07-22T16:33:15.092Z
1544,501544,potosi,tomas frias,potosi,08,01001,04,10,08,77,116,2022-07-25T19:52:14.220Z
1182,501182,potosi,tomas frias,potosi,09,01001,02,13,09,77,130,2022-07-26T16:04:38.944Z
1357,501357,potosi,tomas frias,potosi,10,01001,02,04,10,77,132,2022-07-08T22:58:37.950Z
706,500706,potosi,tomas frias,potosi,11,01001,02,17,11,77,142,2022-07-26T18:15:37.090Z
1179,501179,potosi,tomas frias,potosi,09,01001,02,11,09,77,165,2022-07-23T15:06:12.094Z
803,500803,potosi,tomas frias,potosi,01,01001,03,08,01,77,177,2022-07-23T14:39:10.966Z
2273,502273,potosi,tomas frias,potosi,12,01001,02,03,12,77,237,2022-07-26T14:44:18.719Z
4049,504049,potosi,antonio quijarro,porco,01,01005,01,02,01,77,80,2022-08-08T22:10:43.598Z
682,500682,potosi,tomas frias,potosi,05,01001,03,01,05,77,81,2022-07-13T20:34:58.168Z
623,500623,potosi,tomas frias,potosi,02,01001,01,03,02,77,86,2022-07-22T22:19:29.874Z
242,500242,potosi,tomas frias,potosi,01,01001,01,10,01,77,87,2022-07-20T21:57:43.020Z
1304,501304,potosi,tomas frias,potosi,04,01001,01,10,04,77,98,2022-07-08T22:26:02.094Z
2262,502262,potosi,tomas frias,potosi,12,01001,03,10,12,78,104,2022-07-11T21:43:31.952Z
1225,501225,potosi,tomas frias,potosi,10,01001,04,10,10,78,108,2022-06-17T16:26:34.341Z
610,500610,potosi,tomas frias,potosi,01,01001,05,02,01,78,113,2022-07-22T00:42:48.500Z
2181,502181,potosi,tomas frias,potosi,10,01001,04,02,10,78,114,2022-07-26T21:12:55.936Z
606,500606,potosi,tomas frias,potosi,09,01001,04,10,09,78,115,2022-07-23T15:05:22.818Z
650,500650,potosi,tomas frias,potosi,07,01001,02,12,07,78,116,2022-07-22T16:32:16.188Z
875,500875,potosi,tomas frias,potosi,11,01001,02,09,11,78,116,2022-07-26T22:09:38.836Z
959,500959,potosi,tomas frias,potosi,09,01001,03,04,09,78,118,2022-07-26T21:14:15.379Z
2116,502116,potosi,tomas frias,potosi,12,01001,04,06,12,78,120,2022-07-26T14:43:50.861Z
1285,501285,potosi,tomas frias,potosi,08,01001,04,09,08,78,121,2022-08-12T18:25:16.839Z
1930,501930,potosi,tomas frias,potosi,04,01001,02,04,04,78,121,2022-07-22T22:17:11.355Z
1567,501567,potosi,tomas frias,potosi,03,01001,01,15,03,78,123,2022-07-22T17:06:40.610Z
676,500676,potosi,tomas frias,potosi,09,01001,03,14,09,78,126,2022-07-25T20:09:28.845Z
2285,502285,potosi,tomas frias,potosi,12,01001,03,11,12,78,126,2022-07-13T13:20:32.725Z
1337,501337,potosi,tomas frias,potosi,14,01001,01,13,14,78,128,2022-08-13T03:32:42.298Z
2132,502132,potosi,tomas frias,potosi,10,01001,04,15,10,78,130,2022-07-26T20:49:39.743Z
2250,502250,potosi,tomas frias,potosi,12,01001,04,13,12,78,150,2022-07-26T17:39:07.369Z
2221,502221,potosi,tomas frias,potosi,10,01001,01,06,10,78,171,2022-07-26T19:19:40.523Z
1550,501550,potosi,tomas frias,potosi,08,01001,04,03,08,78,175,2022-07-25T19:52:22.806Z
1291,501291,potosi,tomas frias,potosi,08,01001,04,16,08,78,230,2022-07-25T19:52:02.427Z
4804,504804,potosi,jose maria linarez,"caiza ""d""",01,03012,01,04,01,78,59,2022-08-17T19:47:36.208Z
333,500333,potosi,tomas frias,potosi,07,01001,02,06,07,78,84,2022-08-09T18:39:39.394Z
1246,501246,potosi,tomas frias,potosi,02,01001,01,18,02,78,97,2022-07-21T21:34:31.477Z
269,500269,potosi,tomas frias,potosi,01,01001,05,11,01,79,105,2022-07-25T19:41:20.020Z
1218,501218,potosi,tomas frias,potosi,10,01001,04,07,10,79,118,2022-06-15T00:45:43.406Z
675,500675,potosi,tomas frias,potosi,09,01001,03,13,09,79,119,2022-07-22T22:32:39.513Z
1340,501340,potosi,tomas frias,potosi,05,01001,01,04,05,79,120,2022-07-20T21:13:23.329Z
2011,502011,potosi,tomas frias,potosi,04,01001,02,14,04,79,126,2022-07-22T19:59:02.279Z
887,500887,potosi,tomas frias,potosi,09,01001,05,16,09,79,147,2022-07-22T22:40:54.403Z
3707,503707,potosi,cornelio saavedra,betanzos,01,01001,02,09,01,79,150,2022-08-12T14:28:45.243Z
4800,504800,potosi,jose maria linarez,"caiza ""d""",01,03012,01,03,01,79,52,2022-08-16T20:41:38.947Z
666,500666,potosi,tomas frias,potosi,07,01001,03,02,07,79,93,2022-07-22T16:32:20.808Z
4085,504085,potosi,antonio quijarro,porco,01,01001,02,13,01,8,43,2022-08-08T21:41:55.041Z
1319,501319,potosi,tomas frias,potosi,10,01001,03,12,10,80,110,2022-07-26T21:12:32.196Z
2014,502014,potosi,tomas frias,potosi,08,01001,01,12,08,80,115,2022-07-12T12:45:44.686Z
1977,501977,potosi,tomas frias,potosi,08,01001,01,15,08,80,118,2022-07-02T03:41:42.165Z
1253,501253,potosi,tomas frias,potosi,03,01001,01,03,03,80,119,2022-07-25T19:42:44.819Z
2325,502325,potosi,tomas frias,potosi,15,01001,01,13,15,80,126,2022-07-26T19:21:21.320Z
1282,501282,potosi,tomas frias,potosi,08,01001,04,07,08,80,149,2022-07-25T15:24:18.654Z
1483,501483,potosi,tomas frias,potosi,09,01001,02,07,09,80,155,2022-07-23T15:07:58.922Z
1193,501193,potosi,tomas frias,potosi,01,01001,03,02,01,80,163,2022-07-23T15:53:50.027Z
1498,501498,potosi,tomas frias,potosi,09,01001,02,03,09,80,320,2022-07-23T15:08:14.363Z
6846,506846,potosi,tomas frias,urmiri,00,00000,00,08,00,80,87,2022-09-17T15:20:06.085Z
314,500314,potosi,tomas frias,potosi,06,01001,02,10,06,81,102,2022-07-21T23:22:51.636Z
2008,502008,potosi,tomas frias,potosi,04,01001,01,04,04,81,103,2022-07-22T19:58:57.423Z
613,500613,potosi,tomas frias,potosi,01,01001,03,12,01,81,111,2022-07-22T00:42:53.059Z
2229,502229,potosi,tomas frias,potosi,12,01001,04,11,12,81,117,2022-07-08T12:46:15.454Z
2239,502239,potosi,tomas frias,potosi,10,01001,02,09,10,81,119,2022-07-07T21:54:40.834Z
1664,501664,potosi,tomas frias,potosi,10,01001,02,08,10,81,122,2022-07-08T22:58:20.229Z
1999,501999,potosi,tomas frias,potosi,04,01001,02,09,04,81,126,2022-07-15T19:40:17.120Z
373,500373,potosi,tomas frias,potosi,05,01001,05,03,05,81,133,2022-08-19T16:01:52.244Z
1233,501233,potosi,tomas frias,potosi,10,01001,04,04,10,81,149,2022-06-20T12:59:47.189Z
366,500366,potosi,tomas frias,potosi,05,01001,04,13,05,81,153,2022-08-12T20:55:36.096Z
2213,502213,potosi,tomas frias,potosi,10,01001,01,05,10,81,162,2022-07-26T18:19:42.109Z
1360,501360,potosi,tomas frias,potosi,11,01001,01,08,11,81,81,2022-07-21T22:48:08.914Z
253,500253,potosi,tomas frias,potosi,01,01001,02,12,01,81,87,2022-07-23T14:39:32.906Z
1062,501062,potosi,tomas frias,potosi,02,01001,02,11,02,82,103,2022-07-21T22:34:39.653Z
1522,501522,potosi,tomas frias,potosi,03,01001,01,06,03,82,103,2022-07-22T22:22:57.615Z
1307,501307,potosi,tomas frias,potosi,04,01001,01,08,04,82,104,2022-07-22T21:58:34.993Z
318,500318,potosi,tomas frias,potosi,06,01001,03,12,06,82,111,2022-07-21T23:42:22.356Z
1942,501942,potosi,tomas frias,potosi,04,01001,01,14,04,82,113,2022-07-19T22:00:10.352Z
1665,501665,potosi,tomas frias,potosi,10,01001,02,10,10,82,117,2022-07-08T22:58:22.223Z
2241,502241,potosi,tomas frias,potosi,12,01001,04,05,12,82,119,2022-07-12T13:04:22.021Z
715,500715,potosi,tomas frias,potosi,06,01001,01,02,06,82,128,2022-07-26T21:11:18.279Z
4888,504888,potosi,jose maria linarez,puna,01,01019,01,05,01,82,128,2022-08-16T20:14:17.027Z
374,500374,potosi,tomas frias,potosi,05,01001,05,04,05,82,130,2022-07-20T21:05:31.045Z
1362,501362,potosi,tomas frias,potosi,11,01001,01,10,11,82,133,2022-07-21T22:48:39.909Z
1548,501548,potosi,tomas frias,potosi,08,01001,04,04,08,82,144,2022-07-25T19:52:21.072Z
1173,501173,potosi,tomas frias,potosi,09,01001,04,01,09,82,164,2022-07-23T15:08:23.735Z
786,500786,potosi,tomas frias,potosi,05,01001,02,13,05,82,177,2022-07-21T22:40:26.098Z
2119,502119,potosi,tomas frias,potosi,13,01001,01,12,13,82,243,2022-07-23T00:50:16.165Z
7178,507178,potosi,tomas frias,yocalla,00,00000,00,06,00,82,244,2022-09-22T19:18:50.415Z
888,500888,potosi,tomas frias,potosi,11,01001,02,05,11,82,96,2022-06-07T22:16:55.327Z
1153,501153,potosi,tomas frias,potosi,02,01001,02,14,02,82,98,2022-07-22T20:38:00.014Z
668,500668,potosi,tomas frias,potosi,07,01001,03,07,07,83,104,2022-07-22T16:32:35.580Z
709,500709,potosi,tomas frias,potosi,11,01001,02,15,11,83,104,2022-07-21T21:26:10.998Z
1283,501283,potosi,tomas frias,potosi,08,01001,04,08,08,83,112,2022-08-12T20:54:12.055Z
2015,502015,potosi,tomas frias,potosi,04,01001,01,05,04,83,114,2022-07-22T22:06:12.825Z
2100,502100,potosi,tomas frias,potosi,13,01001,02,07,13,83,119,2022-07-26T15:33:37.817Z
371,500371,potosi,tomas frias,potosi,05,01001,05,01,05,83,120,2022-06-29T21:36:23.689Z
1324,501324,potosi,tomas frias,potosi,10,01001,03,07,10,83,121,2022-07-26T21:12:40.601Z
1674,501674,potosi,tomas frias,potosi,10,01001,02,16,10,83,123,2022-06-24T22:27:43.279Z
392,500392,potosi,tomas frias,potosi,05,01001,06,10,05,83,127,2022-07-21T21:00:31.990Z
2177,502177,potosi,tomas frias,potosi,10,01001,04,01,10,83,131,2022-07-26T21:12:54.045Z
1316,501316,potosi,tomas frias,potosi,09,01001,03,11,09,83,138,2022-07-22T22:31:59.916Z
3657,503657,potosi,cornelio saavedra,betanzos,01,01001,03,10,01,83,143,2022-08-19T14:59:25.499Z
1515,501515,potosi,tomas frias,potosi,01,01001,04,13,01,83,165,2022-07-08T22:59:58.876Z
1994,501994,potosi,tomas frias,potosi,08,01001,01,09,08,83,175,2022-07-25T20:05:55.359Z
1177,501177,potosi,tomas frias,potosi,09,01001,02,08,09,83,181,2022-07-23T15:08:28.444Z
1050,501050,potosi,tomas frias,potosi,02,01001,02,07,02,83,90,2022-06-30T15:52:03.990Z
813,500813,potosi,tomas frias,potosi,02,01001,01,12,02,84,105,2022-07-21T21:34:14.932Z
232,500232,potosi,tomas frias,potosi,01,01001,05,08,01,84,107,2022-07-20T21:10:40.305Z
270,500270,potosi,tomas frias,potosi,01,01001,05,03,01,84,107,2022-07-23T14:38:57.231Z
678,500678,potosi,tomas frias,potosi,09,01001,03,09,09,84,117,2022-07-25T20:09:33.713Z
1158,501158,potosi,tomas frias,potosi,02,01001,03,15,02,84,119,2022-07-21T22:34:45.395Z
1944,501944,potosi,tomas frias,potosi,04,01001,03,04,04,84,160,2022-08-09T18:39:46.504Z
1514,501514,potosi,tomas frias,potosi,01,01001,04,12,01,84,161,2022-07-08T22:59:56.146Z
867,500867,potosi,tomas frias,potosi,09,01001,01,09,09,84,193,2022-07-22T22:23:49.030Z
332,500332,potosi,tomas frias,potosi,07,01001,02,05,07,84,93,2022-08-09T18:39:35.735Z
295,500295,potosi,tomas frias,potosi,01,01001,01,12,01,84,97,2022-07-14T20:43:34.631Z
339,500339,potosi,tomas frias,potosi,07,01001,02,10,07,85,101,2022-08-09T20:37:45.904Z
329,500329,potosi,tomas frias,potosi,06,01001,03,08,06,85,115,2022-07-13T16:42:45.997Z
369,500369,potosi,tomas frias,potosi,05,01001,04,07,05,85,115,2022-07-19T15:25:57.178Z
920,500920,potosi,tomas frias,potosi,05,01001,01,15,05,85,136,2022-07-01T23:01:06.369Z
1937,501937,potosi,tomas frias,potosi,08,01001,02,12,08,85,152,2022-08-12T14:50:59.631Z
2013,502013,potosi,tomas frias,potosi,08,01001,01,11,08,85,178,2022-07-06T20:59:53.709Z
1899,501899,potosi,tomas frias,potosi,08,01001,02,07,08,85,192,2022-08-02T19:32:53.880Z
5445,505445,potosi,cornelio saavedra,chaqui,01,01011,01,02,01,85,91,2022-08-24T12:51:21.503Z
361,500361,potosi,tomas frias,potosi,05,01001,03,02,05,85,94,2022-07-20T21:52:18.593Z
1053,501053,potosi,tomas frias,potosi,02,01001,02,09,02,86,101,2022-06-09T21:45:02.278Z
1956,501956,potosi,tomas frias,potosi,04,01001,02,13,04,86,106,2022-06-29T13:01:21.827Z
928,500928,potosi,tomas frias,potosi,07,01001,03,05,07,86,121,2022-07-22T16:33:05.623Z
1893,501893,potosi,tomas frias,potosi,13,01001,02,08,13,86,125,2022-07-08T21:56:40.627Z
692,500692,potosi,tomas frias,potosi,05,01001,04,01,05,86,129,2022-07-02T01:15:14.882Z
1358,501358,potosi,tomas frias,potosi,10,01001,02,07,10,86,135,2022-07-15T19:40:00.448Z
948,500948,potosi,tomas frias,potosi,09,01001,03,08,09,86,138,2022-07-22T22:31:19.226Z
1932,501932,potosi,tomas frias,potosi,04,01001,01,13,04,86,153,2022-08-12T14:54:21.828Z
1482,501482,potosi,tomas frias,potosi,09,01001,02,09,09,86,154,2022-07-23T15:07:51.253Z
2121,502121,potosi,tomas frias,potosi,10,01001,04,17,10,86,166,2022-07-07T21:22:22.679Z
1350,501350,potosi,tomas frias,potosi,13,01001,02,15,13,86,170,2022-07-26T23:32:59.576Z
2246,502246,potosi,tomas frias,potosi,13,01001,01,13,13,86,279,2022-08-12T19:21:28.435Z
6129,506129,potosi,tomas frias,tinguipaya,01,02017,01,01,01,86,86,2022-09-04T16:15:10.000Z
1988,501988,potosi,tomas frias,potosi,08,01001,01,13,08,86,98,2022-07-13T00:36:16.064Z
1169,501169,potosi,tomas frias,potosi,09,01001,04,08,09,87,111,2022-07-23T15:06:08.480Z
933,500933,potosi,tomas frias,potosi,07,01001,03,13,07,87,122,2022-07-22T16:33:33.185Z
621,500621,potosi,tomas frias,potosi,02,01001,01,14,02,87,124,2022-07-19T19:34:59.277Z
860,500860,potosi,tomas frias,potosi,09,01001,01,07,09,87,130,2022-07-22T21:51:25.657Z
1326,501326,potosi,tomas frias,potosi,10,01001,03,05,10,87,140,2022-07-26T16:24:45.221Z
3700,503700,potosi,cornelio saavedra,betanzos,01,01001,03,11,01,87,147,2022-08-03T20:37:46.771Z
857,500857,potosi,tomas frias,potosi,01,01001,03,05,01,87,171,2022-07-22T18:38:50.168Z
2330,502330,potosi,tomas frias,potosi,15,01001,01,09,15,87,181,2022-07-26T22:06:23.646Z
1513,501513,potosi,tomas frias,potosi,01,01001,04,10,01,87,205,2022-06-21T17:52:39.091Z
1892,501892,potosi,tomas frias,potosi,08,01001,01,02,08,87,241,2022-07-22T16:56:13.887Z
363,500363,potosi,tomas frias,potosi,05,01001,04,15,05,87,81,2022-07-20T21:13:05.486Z
1274,501274,potosi,tomas frias,potosi,08,01001,03,08,08,88,105,2022-07-25T19:51:36.866Z
1223,501223,potosi,tomas frias,potosi,10,01001,04,09,10,88,123,2022-07-25T20:05:31.751Z
1631,501631,potosi,tomas frias,potosi,10,01001,03,03,10,88,127,2022-07-26T21:12:44.811Z
377,500377,potosi,tomas frias,potosi,05,01001,05,08,05,88,205,2022-07-19T20:33:45.295Z
1979,501979,potosi,tomas frias,potosi,04,01001,02,07,04,89,127,2022-07-15T21:28:27.262Z
4076,504076,potosi,antonio quijarro,porco,01,04001,01,01,01,89,129,2022-08-09T20:47:47.067Z
1322,501322,potosi,tomas frias,potosi,10,01001,03,10,10,89,137,2022-07-26T21:12:37.262Z
846,500846,potosi,tomas frias,potosi,09,01001,01,12,09,89,153,2022-07-22T22:23:38.394Z
4077,504077,potosi,antonio quijarro,porco,01,01001,02,05,01,89,96,2022-08-12T14:20:05.804Z
2111,502111,potosi,tomas frias,potosi,13,01001,01,03,13,9,93,2022-07-26T19:03:41.113Z
4904,504904,potosi,jose maria linarez,puna,01,08022,01,02,01,90,100,2022-08-16T20:42:57.693Z
4057,504057,potosi,antonio quijarro,porco,01,01005,02,11,01,90,105,2022-08-09T20:37:05.599Z
902,500902,potosi,tomas frias,potosi,08,01001,03,16,08,90,109,2022-07-25T19:51:22.272Z
372,500372,potosi,tomas frias,potosi,05,01001,05,02,05,90,110,2022-07-20T21:05:23.197Z
1885,501885,potosi,tomas frias,potosi,08,01001,02,08,08,90,110,2022-07-01T19:56:00.532Z
337,500337,potosi,tomas frias,potosi,07,01001,02,13,07,90,111,2022-08-09T18:39:48.573Z
1216,501216,potosi,tomas frias,potosi,09,01001,05,01,09,90,119,2022-07-23T00:22:40.175Z
1248,501248,potosi,tomas frias,potosi,02,01001,01,17,02,90,121,2022-07-26T21:44:32.558Z
1907,501907,potosi,tomas frias,potosi,08,01001,02,06,08,90,123,2022-07-04T20:48:04.700Z
276,500276,potosi,tomas frias,potosi,06,01001,01,16,06,90,130,2022-07-21T23:19:11.850Z
904,500904,potosi,tomas frias,potosi,09,01001,05,12,09,90,132,2022-07-25T20:05:02.349Z
308,500308,potosi,tomas frias,potosi,06,01001,02,06,06,90,133,2022-07-26T21:38:57.194Z
6157,506157,potosi,tomas frias,urmiri,01,01009,01,03,01,90,178,2022-09-08T15:21:21.566Z
1181,501181,potosi,tomas frias,potosi,09,01001,02,12,09,90,179,2022-07-23T15:06:14.272Z
893,500893,potosi,tomas frias,potosi,08,01001,03,14,08,90,97,2022-07-25T19:51:18.804Z
603,500603,potosi,tomas frias,potosi,06,01001,02,01,06,91,120,2022-07-21T22:13:49.577Z
2186,502186,potosi,tomas frias,potosi,10,01001,04,03,10,91,126,2022-08-09T20:21:06.817Z
946,500946,potosi,tomas frias,potosi,09,01001,03,07,09,91,146,2022-07-22T22:31:03.351Z
699,500699,potosi,tomas frias,potosi,05,01001,05,10,05,91,148,2022-07-13T19:07:40.150Z
913,500913,potosi,tomas frias,potosi,11,01001,02,01,11,91,168,2022-07-21T22:47:51.001Z
376,500376,potosi,tomas frias,potosi,05,01001,05,06,05,91,184,2022-08-19T16:01:47.974Z
379,500379,potosi,tomas frias,potosi,05,01001,05,07,05,91,187,2022-07-20T21:05:36.525Z
572,500572,potosi,tomas frias,potosi,01,01001,01,07,01,91,96,2022-06-30T16:02:26.762Z
1171,501171,potosi,tomas frias,potosi,09,01001,04,02,09,92,120,2022-06-21T15:30:14.972Z
704,500704,potosi,tomas frias,potosi,05,01001,06,15,05,92,130,2022-07-20T20:21:07.181Z
2316,502316,potosi,tomas frias,potosi,15,01001,01,06,15,92,140,2022-07-15T13:43:52.283Z
2136,502136,potosi,tomas frias,potosi,10,01001,01,08,10,92,247,2022-07-26T20:49:44.262Z
6805,506805,potosi,tomas frias,yocalla,01,01036,01,05,01,92,86,2022-09-12T21:07:34.257Z
1242,501242,potosi,tomas frias,potosi,02,01001,01,09,02,93,113,2022-07-22T22:19:37.992Z
259,500259,potosi,tomas frias,potosi,01,01001,02,09,01,93,114,2022-07-25T20:08:38.086Z
1240,501240,potosi,tomas frias,potosi,02,01001,01,08,02,93,115,2022-07-21T21:34:21.947Z
1520,501520,potosi,tomas frias,potosi,03,01001,01,07,03,93,117,2022-07-22T22:22:52.097Z
1258,501258,potosi,tomas frias,potosi,03,01001,01,08,03,93,127,2022-07-19T21:24:04.517Z
2314,502314,potosi,tomas frias,potosi,15,01001,02,09,15,93,225,2022-07-26T22:42:36.244Z
2310,502310,potosi,tomas frias,potosi,15,01001,02,04,15,93,457,2022-07-25T21:08:35.742Z
802,500802,potosi,tomas frias,potosi,02,01001,01,11,02,94,104,2022-07-21T21:34:11.817Z
981,500981,potosi,tomas frias,potosi,09,01001,05,04,09,94,132,2022-07-23T00:21:48.462Z
1640,501640,potosi,tomas frias,potosi,10,01001,03,15,10,94,150,2022-07-26T16:16:06.887Z
380,500380,potosi,tomas frias,potosi,05,01001,05,09,05,94,159,2022-08-19T16:01:40.498Z
5396,505396,potosi,tomas frias,yocalla,01,03033,01,02,01,94,7,2022-08-23T20:51:19.671Z
700,500700,potosi,tomas frias,potosi,05,01001,05,14,05,95,149,2022-07-20T21:05:43.620Z
2224,502224,potosi,tomas frias,potosi,10,01001,01,15,10,95,163,2022-08-09T18:40:30.105Z
6256,506256,potosi,tomas frias,yocalla,01,03021,01,01,01,95,40,2022-09-10T16:08:50.482Z
847,500847,potosi,tomas frias,potosi,02,01001,01,04,02,96,118,2022-07-19T19:36:05.716Z
1989,501989,potosi,tomas frias,potosi,04,01001,02,08,04,96,127,2022-07-22T21:45:58.789Z
1211,501211,potosi,tomas frias,potosi,09,01001,05,06,09,96,129,2022-07-23T00:22:07.055Z
695,500695,potosi,tomas frias,potosi,05,01001,01,13,05,96,135,2022-07-01T19:58:31.741Z
2006,502006,potosi,tomas frias,potosi,08,01001,01,08,08,96,136,2022-07-26T15:59:19.016Z
575,500575,potosi,tomas frias,potosi,01,01001,01,02,01,97,109,2022-07-20T21:58:06.571Z
635,500635,potosi,tomas frias,potosi,08,01001,03,03,08,97,123,2022-07-26T22:36:51.300Z
1257,501257,potosi,tomas frias,potosi,03,01001,01,01,03,97,132,2022-07-19T21:24:01.400Z
626,500626,potosi,tomas frias,potosi,06,01001,03,04,06,97,134,2022-07-21T23:43:02.634Z
1528,501528,potosi,tomas frias,potosi,03,01001,01,05,03,97,139,2022-07-23T15:48:12.667Z
331,500331,potosi,tomas frias,potosi,06,01001,03,06,06,97,192,2022-07-21T23:42:57.747Z
2341,502341,potosi,tomas frias,potosi,15,01001,02,10,15,97,270,2022-07-26T17:49:30.812Z
4907,504907,potosi,jose maria linarez,puna,01,08022,01,03,01,98,108,2022-08-18T19:32:50.968Z
1992,501992,potosi,tomas frias,potosi,04,01001,03,08,04,98,134,2022-07-22T21:46:06.162Z
1295,501295,potosi,tomas frias,potosi,04,01001,01,16,04,98,136,2022-07-27T21:04:12.764Z
601,500601,potosi,tomas frias,potosi,06,01001,02,14,06,98,139,2022-08-12T17:04:25.568Z
1343,501343,potosi,tomas frias,potosi,13,01001,02,12,13,98,165,2022-07-26T23:27:01.438Z
1347,501347,potosi,tomas frias,potosi,13,01001,02,13,13,98,167,2022-08-05T21:19:10.101Z
2329,502329,potosi,tomas frias,potosi,15,01001,01,10,15,98,184,2022-07-26T22:06:19.704Z
639,500639,potosi,tomas frias,potosi,08,01001,03,02,08,99,107,2022-07-25T19:50:59.339Z
1028,501028,potosi,tomas frias,potosi,09,01001,04,07,09,99,132,2022-07-23T15:06:04.912Z
1658,501658,potosi,tomas frias,potosi,13,01001,02,09,13,99,148,2022-07-26T23:29:14.218Z
1934,501934,potosi,tomas frias,potosi,08,01001,02,03,08,99,165,2022-07-15T22:12:55.648Z
1571,501571,potosi,tomas frias,potosi,03,01001,01,17,03,99,187,2022-07-22T17:06:43.326Z
